type,name,module,path,hash
"csv","agent-manifest","_config","_config/agent-manifest.csv","aed58c66bea3f1c4ccbac5fb48c6d0ef60558c038d1af28fb76c7281785da78d"
"csv","task-manifest","_config","_config/task-manifest.csv","d01553459f875d4fc5a3faebe6a9cd9d222533cf29bb4373cf3a91a19cca17c0"
"csv","workflow-manifest","_config","_config/workflow-manifest.csv","47f83ae3c462f55e4884b726f6dc340ca5add8f687be35b1e9200aa8f55a99a3"
"yaml","manifest","_config","_config/manifest.yaml","6eabc38a0c90df690114f63339ecfb7e241c73dfb3ec000714447dc1382875e7"
"md","documentation-standards","_memory","_memory/tech-writer-sidecar/documentation-standards.md","b046192ee42fcd1a3e9b2ae6911a0db38510323d072c8d75bad0594f943039e4"
"md","stories-told","_memory","_memory/storyteller-sidecar/stories-told.md","47ee9e599595f3d9daf96d47bcdacf55eeb69fbe5572f6b08a8f48c543bc62de"
"md","story-preferences","_memory","_memory/storyteller-sidecar/story-preferences.md","b70dbb5baf3603fdac12365ef24610685cba3b68a9bc41b07bbe455cbdcc0178"
"yaml","config","_memory","_memory/config.yaml","86f52a636b31b8bbde29870240a6707332cf39c35f73c62b0e7bce5a680739c6"
"yaml","config","bmb","bmb/config.yaml","c4d93f41c839ebf042ced39b2d1c758ecbc589bea3e97050ce8ff383efb6260b"
"csv","default-party","bmm","bmm/teams/default-party.csv","5af107a5b9e9092aeb81bd8c8b9bbe7003afb7bc500e64d56da7cc27ae0c4a6e"
"csv","documentation-requirements","bmm","bmm/workflows/bmad-document-project/documentation-requirements.csv","d1253b99e88250f2130516b56027ed706e643bfec3d99316727a4c6ec65c6c1d"
"csv","domain-complexity","bmm","bmm/workflows/2-plan-workflows/create-prd/data/domain-complexity.csv","f775f09fb4dc1b9214ca22db4a3994ce53343d976d7f6e5384949835db6d2770"
"csv","domain-complexity","bmm","bmm/workflows/3-solutioning/bmad-create-architecture/data/domain-complexity.csv","3dc34ed39f1fc79a51f7b8fc92087edb7cd85c4393a891d220f2e8dd5a101c70"
"csv","module-help","bmm","bmm/module-help.csv","7a194827165a267e784e3b6297ccaf372f386cd7c7765221379f04e4181d8df3"
"csv","project-types","bmm","bmm/workflows/2-plan-workflows/create-prd/data/project-types.csv","7a01d336e940fb7a59ff450064fd1194cdedda316370d939264a0a0adcc0aca3"
"csv","project-types","bmm","bmm/workflows/3-solutioning/bmad-create-architecture/data/project-types.csv","12343635a2f11343edb1d46906981d6f5e12b9cad2f612e13b09460b5e5106e7"
"json","project-scan-report-schema","bmm","bmm/workflows/bmad-document-project/templates/project-scan-report-schema.json","8466965321f1db22f5013869636199f67e0113706283c285a7ffbbf5efeea321"
"md","architecture-decision-template","bmm","bmm/workflows/3-solutioning/bmad-create-architecture/architecture-decision-template.md","5d9adf90c28df61031079280fd2e49998ec3b44fb3757c6a202cda353e172e9f"
"md","checklist","bmm","bmm/workflows/4-implementation/bmad-code-review/checklist.md","e30d2890ba5c50777bbe04071f754e975a1d7ec168501f321a79169c4201dd28"
"md","checklist","bmm","bmm/workflows/4-implementation/bmad-correct-course/checklist.md","d068cfc00d8e4a6bb52172a90eb2e7a47f2441ffb32cdee15eeca220433284a3"
"md","checklist","bmm","bmm/workflows/4-implementation/bmad-create-story/checklist.md","b94e28e774c3be0288f04ea163424bece4ddead5cd3f3680d1603ed07383323a"
"md","checklist","bmm","bmm/workflows/4-implementation/bmad-dev-story/checklist.md","630b68c6824a8785003a65553c1f335222b17be93b1bd80524c23b38bde1d8af"
"md","checklist","bmm","bmm/workflows/4-implementation/bmad-sprint-planning/checklist.md","80b10aedcf88ab1641b8e5f99c9a400c8fd9014f13ca65befc5c83992e367dd7"
"md","checklist","bmm","bmm/workflows/bmad-document-project/checklist.md","581b0b034c25de17ac3678db2dbafedaeb113de37ddf15a4df6584cf2324a7d7"
"md","checklist","bmm","bmm/workflows/bmad-qa-generate-e2e-tests/checklist.md","83cd779c6527ff34184dc86f9eebfc0a8a921aee694f063208aee78f80a8fb12"
"md","deep-dive-instructions","bmm","bmm/workflows/bmad-document-project/workflows/deep-dive-instructions.md","da91056a0973a040fe30c2c0be074e5805b869a9a403b960983157e876427306"
"md","deep-dive-template","bmm","bmm/workflows/bmad-document-project/templates/deep-dive-template.md","6198aa731d87d6a318b5b8d180fc29b9aa53ff0966e02391c17333818e94ffe9"
"md","deep-dive-workflow","bmm","bmm/workflows/bmad-document-project/workflows/deep-dive-workflow.md","a64d98dfa3b771df2853c4fa19a4e9c90d131e409e13b4c6f5e494d6ac715125"
"md","discover-inputs","bmm","bmm/workflows/4-implementation/bmad-code-review/discover-inputs.md","dfedba6a8ea05c9a91c6d202c4b29ee3ea793d8ef77575034787ae0fef280507"
"md","discover-inputs","bmm","bmm/workflows/4-implementation/bmad-create-story/discover-inputs.md","dfedba6a8ea05c9a91c6d202c4b29ee3ea793d8ef77575034787ae0fef280507"
"md","epics-template","bmm","bmm/workflows/3-solutioning/bmad-create-epics-and-stories/templates/epics-template.md","a804f740155156d89661fa04e7a4264a8f712c4dc227c44fd8ae804a9b0f6b72"
"md","full-scan-instructions","bmm","bmm/workflows/bmad-document-project/workflows/full-scan-instructions.md","0544abae2476945168acb0ed48dd8b3420ae173cf46194fe77d226b3b5e7d7ae"
"md","full-scan-workflow","bmm","bmm/workflows/bmad-document-project/workflows/full-scan-workflow.md","3bff88a392c16602bd44730f32483505e73e65e46e82768809c13a0a5f55608b"
"md","index-template","bmm","bmm/workflows/bmad-document-project/templates/index-template.md","42c8a14f53088e4fda82f26a3fe41dc8a89d4bcb7a9659dd696136378b64ee90"
"md","instructions","bmm","bmm/workflows/bmad-document-project/instructions.md","9f4bc3a46559ffd44289b0d61a0f8f26f829783aa1c0e2a09dfa807fa93eb12f"
"md","prd-purpose","bmm","bmm/workflows/2-plan-workflows/create-prd/data/prd-purpose.md","49c4641b91504bb14e3887029b70beacaff83a2de200ced4f8cb11c1356ecaee"
"md","prd-template","bmm","bmm/workflows/2-plan-workflows/create-prd/templates/prd-template.md","7ccccab9c06a626b7a228783b0b9b6e4172e9ec0b10d47bbfab56958c898f837"
"md","product-brief.template","bmm","bmm/workflows/1-analysis/bmad-create-product-brief/product-brief.template.md","6ac4dc09b974bb8a75d7de999176277ffca164b09e9bdb0f409a83c7795335fd"
"md","project-context-template","bmm","bmm/data/project-context-template.md","facd60b71649247146700b1dc7d709fa0ae09487f7cf2b5ff8f5ce1b3a8427e8"
"md","project-context-template","bmm","bmm/workflows/bmad-generate-project-context/project-context-template.md","54e351394ceceb0ac4b5b8135bb6295cf2c37f739c7fd11bb895ca16d79824a5"
"md","project-overview-template","bmm","bmm/workflows/bmad-document-project/templates/project-overview-template.md","a7c7325b75a5a678dca391b9b69b1e3409cfbe6da95e70443ed3ace164e287b2"
"md","readiness-report-template","bmm","bmm/workflows/3-solutioning/bmad-check-implementation-readiness/templates/readiness-report-template.md","0da97ab1e38818e642f36dc0ef24d2dae69fc6e0be59924dc2dbf44329738ff6"
"md","research.template","bmm","bmm/workflows/1-analysis/research/bmad-domain-research/research.template.md","507bb6729476246b1ca2fca4693986d286a33af5529b6cd5cb1b0bb5ea9926ce"
"md","research.template","bmm","bmm/workflows/1-analysis/research/bmad-technical-research/research.template.md","507bb6729476246b1ca2fca4693986d286a33af5529b6cd5cb1b0bb5ea9926ce"
"md","research.template","bmm","bmm/workflows/1-analysis/research/research.template.md","507bb6729476246b1ca2fca4693986d286a33af5529b6cd5cb1b0bb5ea9926ce"
"md","SKILL","bmm","bmm/workflows/1-analysis/bmad-create-product-brief/SKILL.md","d955e3acfe93044b3ab0016b62e8bd7fc16519188e7e826ffa0ec62c6988c223"
"md","SKILL","bmm","bmm/workflows/1-analysis/research/bmad-domain-research/SKILL.md","de65d7957342a3238477b8694e6bba9b73775e7a9f47175ae17320f8ac0f1074"
"md","SKILL","bmm","bmm/workflows/1-analysis/research/bmad-technical-research/SKILL.md","a8bc97a3cb9a8f0a061cd97e45fb660daf61de2d28b8ea14ea7dfcb42b3f1f78"
"md","SKILL","bmm","bmm/workflows/2-plan-workflows/bmad-create-ux-design/SKILL.md","32709def1e8f4bed87c63806f88c46bb97a68b34f6cc45c2c25843f713bb308f"
"md","SKILL","bmm","bmm/workflows/2-plan-workflows/bmad-edit-prd/SKILL.md","86391a13497819cb0119155a695634e8e5b6f73124190fb33e0ddb853cb2d956"
"md","SKILL","bmm","bmm/workflows/3-solutioning/bmad-check-implementation-readiness/SKILL.md","d2052d75246dd9b53ff3ed6cbd96a777780e06949ccb914b42ae9c2cc016f82c"
"md","SKILL","bmm","bmm/workflows/3-solutioning/bmad-create-architecture/SKILL.md","825f68e803481da1aa1e4a31a0f87032795beac57b25a51034d080b861b8d0ef"
"md","SKILL","bmm","bmm/workflows/3-solutioning/bmad-create-epics-and-stories/SKILL.md","20fc9a1f2596d422bafabf860e01cd19bff9fae440b31ff7e1ec15b2f958046b"
"md","SKILL","bmm","bmm/workflows/4-implementation/bmad-code-review/SKILL.md","d1dbb936a2d0c4ab17265b84c0451b729fd86648ad1c4b977f91aedfb25ada18"
"md","SKILL","bmm","bmm/workflows/4-implementation/bmad-correct-course/SKILL.md","75475f168e03e6b4a754baf99f44e0621a6ff5c04a5b912f789c19544f041c62"
"md","SKILL","bmm","bmm/workflows/4-implementation/bmad-create-story/SKILL.md","cae1b0cfba8ba64fdd0dcf5c2f3dcbddd92fd0becaa0ba3d70b3267514b6ffff"
"md","SKILL","bmm","bmm/workflows/4-implementation/bmad-dev-story/SKILL.md","e427326707acda01211869c1dac4e65d65fbe68049692a9d638907a10f330ad9"
"md","SKILL","bmm","bmm/workflows/4-implementation/bmad-retrospective/SKILL.md","089c19190d506037b4a14ac8a244614a5a41e541d3969dae01007a10ab4bc019"
"md","SKILL","bmm","bmm/workflows/4-implementation/bmad-sprint-planning/SKILL.md","0b556ceea844024fac33506b8a786195f92c775dfda40ddb17dd490eaae539ae"
"md","SKILL","bmm","bmm/workflows/4-implementation/bmad-sprint-status/SKILL.md","6757111db309b361cc9a8e9b691948deb4581e1c82ebc950841afabaa3f0e190"
"md","SKILL","bmm","bmm/workflows/bmad-document-project/SKILL.md","8237a8f58b779b676f7d585279e6042d1d07723f64e485c38821f2c064a25dce"
"md","SKILL","bmm","bmm/workflows/bmad-generate-project-context/SKILL.md","38265ea107dab7f1cd10b80c23c309dacbcea691da6fe4983af23bdffe32b1ca"
"md","SKILL","bmm","bmm/workflows/bmad-qa-generate-e2e-tests/SKILL.md","035962e4e018ae3b4433fa6b48a8472840b17826f7f90d813d19ac0a74a8fb24"
"md","SKILL","bmm","bmm/workflows/bmad-quick-flow/bmad-quick-dev/SKILL.md","dc61d9009fe22df2e15ee13511172d69d9df06329a30425a6b52bb908dd7f177"
"md","SKILL","bmm","bmm/workflows/bmad-quick-flow/bmad-quick-dev-new-preview/SKILL.md","85bea3740a3a65ea489f28add1add9177489108d43ffab2b2d2cc62cd7afff15"
"md","SKILL","bmm","bmm/workflows/bmad-quick-flow/bmad-quick-spec/SKILL.md","fb5e107156e7df9762a26c6935c6b5bdc4e30e9ea80b25ad6e0ec2ad409dbf25"
"md","source-tree-template","bmm","bmm/workflows/bmad-document-project/templates/source-tree-template.md","109bc335ebb22f932b37c24cdc777a351264191825444a4d147c9b82a1e2ad7a"
"md","step-01-clarify-and-route","bmm","bmm/workflows/bmad-quick-flow/bmad-quick-dev-new-preview/steps/step-01-clarify-and-route.md","47044d33b3c004016ad09e29af90c9c99b132ecdab1000e927c2e3a057b28265"
"md","step-01-discover","bmm","bmm/workflows/bmad-generate-project-context/steps/step-01-discover.md","6055260d66446adb5050f3060ac0ddd4018e4a2be67ba1d1ee0673ebace5d6a2"
"md","step-01-document-discovery","bmm","bmm/workflows/3-solutioning/bmad-check-implementation-readiness/steps/step-01-document-discovery.md","56e748671877fa3e34ffaab5c531801e7b72b6b59ee29a2f479e5f904a93d7af"
"md","step-01-init","bmm","bmm/workflows/1-analysis/bmad-create-product-brief/steps/step-01-init.md","2c79023059274f49d3a9194d3fdf092d021277eb018a853233bda5552be95bf7"
"md","step-01-init","bmm","bmm/workflows/1-analysis/research/bmad-domain-research/domain-steps/step-01-init.md","efee243f13ef54401ded88f501967b8bc767460cec5561b2107fc03fe7b7eab1"
"md","step-01-init","bmm","bmm/workflows/1-analysis/research/bmad-technical-research/technical-steps/step-01-init.md","c9a1627ecd26227e944375eb691e7ee6bc9f5db29a428a5d53e5d6aef8bb9697"
"md","step-01-init","bmm","bmm/workflows/1-analysis/research/market-steps/step-01-init.md","b2b030bc59dfe516e67f19d66f9c6d44d745343ccf2d726d4106290704aecdbd"
"md","step-01-init","bmm","bmm/workflows/2-plan-workflows/bmad-create-ux-design/steps/step-01-init.md","0b257533a0ce34d792f621da35325ec11cb883653e3ad546221ee1f0dee5edcd"
"md","step-01-init","bmm","bmm/workflows/2-plan-workflows/create-prd/steps-c/step-01-init.md","6ad502fa5bf5639eaf6a42e8f0bc0f2b811e0a3fd2ae3a24ed3333365f99e23c"
"md","step-01-init","bmm","bmm/workflows/3-solutioning/bmad-create-architecture/steps/step-01-init.md","5119205b712ebda0cd241c3daad217bb0f6fa9e6cb41d6635aec6b7fe83b838a"
"md","step-01-mode-detection","bmm","bmm/workflows/bmad-quick-flow/bmad-quick-dev/steps/step-01-mode-detection.md","9b54be3764ed85dba2592b58e1e82701e25bc1b80c8431496aecbfda9644fdd4"
"md","step-01-understand","bmm","bmm/workflows/bmad-quick-flow/bmad-quick-spec/steps/step-01-understand.md","6ae024d215fd456d0f52a5064ea0cba513eb84707f56de0ef111d948fec25cb4"
"md","step-01-validate-prerequisites","bmm","bmm/workflows/3-solutioning/bmad-create-epics-and-stories/steps/step-01-validate-prerequisites.md","5c2aabc871363d84fc2e12fd83a3889e9d752b6bd330e31a0067c96204dd4880"
"md","step-01b-continue","bmm","bmm/workflows/1-analysis/bmad-create-product-brief/steps/step-01b-continue.md","c3ad854e817ff3c9dce0a1e14d3b88aced00e903b228ecc1d3206e2ab4254941"
"md","step-01b-continue","bmm","bmm/workflows/2-plan-workflows/bmad-create-ux-design/steps/step-01b-continue.md","4d42c6b83eaa720975bf2206a7eea1a8c73ae922668cc2ef03d34c49ab066c19"
"md","step-01b-continue","bmm","bmm/workflows/2-plan-workflows/create-prd/steps-c/step-01b-continue.md","5afc3f34f6089a03e9c9a88f13cb41617a7ef163db15c2b39b31ab6908bfa7d6"
"md","step-01b-continue","bmm","bmm/workflows/3-solutioning/bmad-create-architecture/steps/step-01b-continue.md","4bf216008297dcea25f8be693109cf17879c621865b302c994cdd15aa5124e5f"
"md","step-02-context","bmm","bmm/workflows/3-solutioning/bmad-create-architecture/steps/step-02-context.md","d175ad543e965c8055e60bbf47cb2d8084b7f88aaa634f114d517cdea8e8745f"
"md","step-02-context-gathering","bmm","bmm/workflows/bmad-quick-flow/bmad-quick-dev/steps/step-02-context-gathering.md","6c6e359ab32c0a7aebaa4417c1e3dd67e4d0682967a8469ff3ff781e9891f630"
"md","step-02-customer-behavior","bmm","bmm/workflows/1-analysis/research/market-steps/step-02-customer-behavior.md","93d20ddbd5506bc1d604c3ce56b42185bfe6f34402c45760e4cb7bec627f52e9"
"md","step-02-design-epics","bmm","bmm/workflows/3-solutioning/bmad-create-epics-and-stories/steps/step-02-design-epics.md","44b8859c4f9e6c8275b44be1c8d36f5360b54db7c54b8d4d1b61e865b33d51d8"
"md","step-02-discovery","bmm","bmm/workflows/2-plan-workflows/bmad-create-ux-design/steps/step-02-discovery.md","b2e24b65712beb6c5e0011194ac79f0446cce783e56f0c386d17a99bb3efdcf9"
"md","step-02-discovery","bmm","bmm/workflows/2-plan-workflows/create-prd/steps-c/step-02-discovery.md","ae8b2a8fee1e0dd8f3c7c97e13657a3f05a3913043271d52def5115ba47bb0d5"
"md","step-02-domain-analysis","bmm","bmm/workflows/1-analysis/research/bmad-domain-research/domain-steps/step-02-domain-analysis.md","385a288d9bbb0adf050bcce4da4dad198a9151822f9766900404636f2b0c7f9d"
"md","step-02-generate","bmm","bmm/workflows/bmad-generate-project-context/steps/step-02-generate.md","3183ea587ee65ed157b670f63034dc005ba7d0cf6d04c6dd488594cc2ed64285"
"md","step-02-investigate","bmm","bmm/workflows/bmad-quick-flow/bmad-quick-spec/steps/step-02-investigate.md","e5c6ac7cab0e6f0d411c0c881c17e0e9cc23b8d723a68d500669a7e17c6f123e"
"md","step-02-plan","bmm","bmm/workflows/bmad-quick-flow/bmad-quick-dev-new-preview/steps/step-02-plan.md","7b765b45990cc9094d8567fd5cd63774699f684675b7f43812024f60189d770c"
"md","step-02-prd-analysis","bmm","bmm/workflows/3-solutioning/bmad-check-implementation-readiness/steps/step-02-prd-analysis.md","47538848da0207cc929613ee9294ec317d05404ab19d7a9af612bf757d2a5950"
"md","step-02-technical-overview","bmm","bmm/workflows/1-analysis/research/bmad-technical-research/technical-steps/step-02-technical-overview.md","9c7582241038b16280cddce86f2943216541275daf0a935dcab78f362904b305"
"md","step-02-vision","bmm","bmm/workflows/1-analysis/bmad-create-product-brief/steps/step-02-vision.md","95cd1aafe347b7221bbea23001c0f7db8128f7c0d24a596f3dfe1bcc7b4bb13e"
"md","step-02b-vision","bmm","bmm/workflows/2-plan-workflows/create-prd/steps-c/step-02b-vision.md","e5da21e2c4c3b56b13d5986e13de53402a6a4124da6dda1fea43ad7e629bc044"
"md","step-02c-executive-summary","bmm","bmm/workflows/2-plan-workflows/create-prd/steps-c/step-02c-executive-summary.md","42e478c7370ee511c5e70e8fa550b2439a7e3d6355fc31303e9a133f13268a0b"
"md","step-03-competitive-landscape","bmm","bmm/workflows/1-analysis/research/bmad-domain-research/domain-steps/step-03-competitive-landscape.md","f10aa088ba00c59491507f6519fb314139f8be6807958bb5fd1b66bff2267749"
"md","step-03-complete","bmm","bmm/workflows/bmad-generate-project-context/steps/step-03-complete.md","cf8d1d1904aeddaddb043c3c365d026cd238891cd702c2b78bae032a8e08ae17"
"md","step-03-core-experience","bmm","bmm/workflows/2-plan-workflows/bmad-create-ux-design/steps/step-03-core-experience.md","cbb959e08fae9f5cf07b4def9cad3bf8fbe2fc3dc7df47be6d5a9276aeb26abe"
"md","step-03-create-stories","bmm","bmm/workflows/3-solutioning/bmad-create-epics-and-stories/steps/step-03-create-stories.md","c5b787a82e4e49ed9cd9c028321ee1689f32b8cd69d89eea609b37cd3d481afc"
"md","step-03-customer-pain-points","bmm","bmm/workflows/1-analysis/research/market-steps/step-03-customer-pain-points.md","4a224fb63d2814a1e2df9b82e42cb2573dc7ffacdf4e61a14a4763c433431a16"
"md","step-03-epic-coverage-validation","bmm","bmm/workflows/3-solutioning/bmad-check-implementation-readiness/steps/step-03-epic-coverage-validation.md","1935d218641b8e19af9764543ada4d04b58b2ba885a1c41a67194c8f1436d73d"
"md","step-03-execute","bmm","bmm/workflows/bmad-quick-flow/bmad-quick-dev/steps/step-03-execute.md","9b346f84377f0fac475605fda1dbb070cb4ed41336ed3dc31a4d99ce040b8cc8"
"md","step-03-generate","bmm","bmm/workflows/bmad-quick-flow/bmad-quick-spec/steps/step-03-generate.md","3a4f777c73a7a96bc70c05aaedd7a452b5e99122d14d070c543bd4043d1875b8"
"md","step-03-implement","bmm","bmm/workflows/bmad-quick-flow/bmad-quick-dev-new-preview/steps/step-03-implement.md","2f11662a04b4bfed65b40fa179ecbce0d5908d4ea1769bc97a83d296ac89764b"
"md","step-03-integration-patterns","bmm","bmm/workflows/1-analysis/research/bmad-technical-research/technical-steps/step-03-integration-patterns.md","005d517a2f962e2172e26b23d10d5e6684c7736c0d3982e27b2e72d905814ad9"
"md","step-03-starter","bmm","bmm/workflows/3-solutioning/bmad-create-architecture/steps/step-03-starter.md","f491712d38c1a97e1f752ee650db9f346b6169f283458e4f6a8baf5835ca942e"
"md","step-03-success","bmm","bmm/workflows/2-plan-workflows/create-prd/steps-c/step-03-success.md","d50932ff924a7c020d46ed52a7fa7dd63a85a1ddd0327ddfda399b72ffa69193"
"md","step-03-users","bmm","bmm/workflows/1-analysis/bmad-create-product-brief/steps/step-03-users.md","a0dfeb262b6ea862a4aea314608c3c0c77fad994dfe9e8a7617a1e41656f0a2b"
"md","step-04-architectural-patterns","bmm","bmm/workflows/1-analysis/research/bmad-technical-research/technical-steps/step-04-architectural-patterns.md","4636f23e9c585a7a0c90437a660609d913f16362c3557fc2e71d408d6b9f46ce"
"md","step-04-customer-decisions","bmm","bmm/workflows/1-analysis/research/market-steps/step-04-customer-decisions.md","8a0c46828854693a7de16e148c3c9eb08b42409a2676b9a44b3cdffe06a577b3"
"md","step-04-decisions","bmm","bmm/workflows/3-solutioning/bmad-create-architecture/steps/step-04-decisions.md","98d26378d29b12ac27f60013f50aec2b9fe175d60540015c0ad418cf766c8397"
"md","step-04-emotional-response","bmm","bmm/workflows/2-plan-workflows/bmad-create-ux-design/steps/step-04-emotional-response.md","39bfa4252a5fc6303ce0fae77dd1ccc0e4ae05596923da3d57bb23ede73806d4"
"md","step-04-final-validation","bmm","bmm/workflows/3-solutioning/bmad-create-epics-and-stories/steps/step-04-final-validation.md","6be228c80a97a74fe6b2dca7ded26fdbca3524a4c8590942e150f24e16da68f3"
"md","step-04-journeys","bmm","bmm/workflows/2-plan-workflows/create-prd/steps-c/step-04-journeys.md","71d08fa92fe213a7226c56eb540e2092c1236522f48efc7ede85bedfaf9098b0"
"md","step-04-metrics","bmm","bmm/workflows/1-analysis/bmad-create-product-brief/steps/step-04-metrics.md","fcd0872ba24517c3a671acf25b5902faf313b3027bd5705a9d76076372d0a040"
"md","step-04-regulatory-focus","bmm","bmm/workflows/1-analysis/research/bmad-domain-research/domain-steps/step-04-regulatory-focus.md","d22035529efe91993e698b4ebf297bf2e7593eb41d185a661c357a8afc08977b"
"md","step-04-review","bmm","bmm/workflows/bmad-quick-flow/bmad-quick-dev-new-preview/steps/step-04-review.md","6b5448ef91e955f8e720003d326f322e9d71f648fddd6ef5aae6f230ee390c40"
"md","step-04-review","bmm","bmm/workflows/bmad-quick-flow/bmad-quick-spec/steps/step-04-review.md","248b9259e59cf9a37c1daa6e0cb3ceecb372406116c27056691f51d1e240fd1e"
"md","step-04-self-check","bmm","bmm/workflows/bmad-quick-flow/bmad-quick-dev/steps/step-04-self-check.md","9a8e3d3cd35c8d8b86ec65b422566e0e0842782bddd36e942bd0327f6b893f0c"
"md","step-04-ux-alignment","bmm","bmm/workflows/3-solutioning/bmad-check-implementation-readiness/steps/step-04-ux-alignment.md","f71e5f0d77615e885ae40fdee6b04c1dd6e472c871f87b515fe869cb5f6966fb"
"md","step-05-adversarial-review","bmm","bmm/workflows/bmad-quick-flow/bmad-quick-dev/steps/step-05-adversarial-review.md","d8fe2a3c64b03298aa92d5c104f10f2aa6c470ef16c864b0f5297adf8f82a10a"
"md","step-05-competitive-analysis","bmm","bmm/workflows/1-analysis/research/market-steps/step-05-competitive-analysis.md","ff6f606a80ffaf09aa325e38a4ceb321b97019e6542241b2ed4e8eb38b35efa8"
"md","step-05-domain","bmm","bmm/workflows/2-plan-workflows/create-prd/steps-c/step-05-domain.md","7e12850bc946cff21d19b60181f7dcb0ef9bc4aadaec0790c318aa4ce4945bfe"
"md","step-05-epic-quality-review","bmm","bmm/workflows/3-solutioning/bmad-check-implementation-readiness/steps/step-05-epic-quality-review.md","d8a84e57f4e3a321734b5b5d093458ceb1e338744f18954c5a204f5ce3576185"
"md","step-05-implementation-research","bmm","bmm/workflows/1-analysis/research/bmad-technical-research/technical-steps/step-05-implementation-research.md","e2b8a2c79bcebadc85f3823145980fa47d7e7be8d1c112f686c6223c8c138608"
"md","step-05-inspiration","bmm","bmm/workflows/2-plan-workflows/bmad-create-ux-design/steps/step-05-inspiration.md","b98c9d61a7f42779ed6da3a14008381bd55656e343fe2c596bc3a153458898f3"
"md","step-05-patterns","bmm","bmm/workflows/3-solutioning/bmad-create-architecture/steps/step-05-patterns.md","2590e813b04de62e72fb18887458e401e7e1822b24f70a32c0df997f347a748f"
"md","step-05-present","bmm","bmm/workflows/bmad-quick-flow/bmad-quick-dev-new-preview/steps/step-05-present.md","ee2e496153b97173fd2badea323f96164d8a394a9d7fe5413632c2bf2a0a499c"
"md","step-05-scope","bmm","bmm/workflows/1-analysis/bmad-create-product-brief/steps/step-05-scope.md","3334b181cc93cdcf445794b4c9b412b1668a00e5eab2b3471a1ca334957663aa"
"md","step-05-technical-trends","bmm","bmm/workflows/1-analysis/research/bmad-domain-research/domain-steps/step-05-technical-trends.md","fd6c577010171679f630805eb76e09daf823c2b9770eb716986d01f351ce1fb4"
"md","step-06-complete","bmm","bmm/workflows/1-analysis/bmad-create-product-brief/steps/step-06-complete.md","30f8c0e7333e15047c892a91dbb1016a62b85acd73848ed5b40beb32ebca29db"
"md","step-06-design-system","bmm","bmm/workflows/2-plan-workflows/bmad-create-ux-design/steps/step-06-design-system.md","210142102efdb012b86a75d3d2bce6d598bbc1eb97af0fc99c4e452f4b006bc8"
"md","step-06-final-assessment","bmm","bmm/workflows/3-solutioning/bmad-check-implementation-readiness/steps/step-06-final-assessment.md","dbc3a5e94e804c5dbb89204a194d9c378fd4096f40beec976b84ce4ca26b24cf"
"md","step-06-innovation","bmm","bmm/workflows/2-plan-workflows/create-prd/steps-c/step-06-innovation.md","f6fd3400f212829cbd67edb1c0e9a918613c1c1df11eda3f48934e50bfa5f055"
"md","step-06-research-completion","bmm","bmm/workflows/1-analysis/research/market-steps/step-06-research-completion.md","ddc239b81dc76148b5b41741b3ca0d6d4a1f781e1db5e50d2c6b4222dd64eda9"
"md","step-06-research-synthesis","bmm","bmm/workflows/1-analysis/research/bmad-domain-research/domain-steps/step-06-research-synthesis.md","ae7ea9eec7f763073e4e1ec7ef0dd247a2c9c8f8172c84cbcb0590986c67caa2"
"md","step-06-research-synthesis","bmm","bmm/workflows/1-analysis/research/bmad-technical-research/technical-steps/step-06-research-synthesis.md","01d94ed48e86317754d1dafb328d57bd1ce8832c1f443bfd62413bbd07dcf3a1"
"md","step-06-resolve-findings","bmm","bmm/workflows/bmad-quick-flow/bmad-quick-dev/steps/step-06-resolve-findings.md","0018c48e077ef9838e44fd1f4a9986d4d8ac703b41da9412e0dfd307c5c4fabf"
"md","step-06-structure","bmm","bmm/workflows/3-solutioning/bmad-create-architecture/steps/step-06-structure.md","422bbd68e49ff66e6e4caf2bdab9c38b16297dc23a65cc16e3458698ef242905"
"md","step-07-defining-experience","bmm","bmm/workflows/2-plan-workflows/bmad-create-ux-design/steps/step-07-defining-experience.md","ed3a61388fe21a7e383ec3483abc5f13f914468565a5f2c5614f646cbd5d08ec"
"md","step-07-project-type","bmm","bmm/workflows/2-plan-workflows/create-prd/steps-c/step-07-project-type.md","74fb9fe6d2f4809a4eadf12911a288aaecfb4c21d7261a238880e5650c342057"
"md","step-07-validation","bmm","bmm/workflows/3-solutioning/bmad-create-architecture/steps/step-07-validation.md","5aaec0ee2ba4acd452ff928165a5cec13a35f3866b004b5ac000f16bc21f75c0"
"md","step-08-complete","bmm","bmm/workflows/3-solutioning/bmad-create-architecture/steps/step-08-complete.md","2bdb9f1a149eb8e075c734f086b977709baeeb3d7ca0c2c998997e3c0ce2f532"
"md","step-08-scoping","bmm","bmm/workflows/2-plan-workflows/create-prd/steps-c/step-08-scoping.md","8dc2c3d49f9cbe81da63cef024973d3c6d0fa4a37b45fc341a7b7dcae39e1269"
"md","step-08-visual-foundation","bmm","bmm/workflows/2-plan-workflows/bmad-create-ux-design/steps/step-08-visual-foundation.md","8d375db49545b385ff9d7c3f5ad2d589f8f17daa9027fdb721a9645ff662c5d8"
"md","step-09-design-directions","bmm","bmm/workflows/2-plan-workflows/bmad-create-ux-design/steps/step-09-design-directions.md","392ce1a5e1e4029510279d44d037152dbd1be95523706852fb6050fb35e3fc89"
"md","step-09-functional","bmm","bmm/workflows/2-plan-workflows/create-prd/steps-c/step-09-functional.md","0a67dce80b154125ac48003f8b7200e2623d3bc149bef3f5adaa75dcce67209a"
"md","step-10-nonfunctional","bmm","bmm/workflows/2-plan-workflows/create-prd/steps-c/step-10-nonfunctional.md","538d1aa98c00b9d84ef6a6b6e5c0c5e906ec17b397cff376822bcd42d6d40f56"
"md","step-10-user-journeys","bmm","bmm/workflows/2-plan-workflows/bmad-create-ux-design/steps/step-10-user-journeys.md","733c309e0743c6af1dbae58ec2b588a441391a8ea227d286eaf02afe2a98ed8f"
"md","step-11-component-strategy","bmm","bmm/workflows/2-plan-workflows/bmad-create-ux-design/steps/step-11-component-strategy.md","82343718ef007130d2a567f5cbd48d41aa6abb5e89f762980bb1064ae5e57eff"
"md","step-11-polish","bmm","bmm/workflows/2-plan-workflows/create-prd/steps-c/step-11-polish.md","e56090a42448d270079015479af50fdf6e06f15c65bfcc67524970ef29e35d0c"
"md","step-12-complete","bmm","bmm/workflows/2-plan-workflows/create-prd/steps-c/step-12-complete.md","c33b9aa62e0bd3a555bc502187d14538ad6a09fce52c6087b02c89425a2e19d0"
"md","step-12-ux-patterns","bmm","bmm/workflows/2-plan-workflows/bmad-create-ux-design/steps/step-12-ux-patterns.md","0a3a759a36ad72aa907c4c0852a9b09c36c24829dc20bb41259c819e13e6952e"
"md","step-13-responsive-accessibility","bmm","bmm/workflows/2-plan-workflows/bmad-create-ux-design/steps/step-13-responsive-accessibility.md","98ab8d6066b63d5880987a08c081a71a4ce56cbfe979226c0725daaaed2f8f93"
"md","step-14-complete","bmm","bmm/workflows/2-plan-workflows/bmad-create-ux-design/steps/step-14-complete.md","f308bf80b6a7d4490a858fb30d17fc4fa3105655cbc437aa07e54fab26889251"
"md","step-e-01-discovery","bmm","bmm/workflows/2-plan-workflows/bmad-edit-prd/steps-e/step-e-01-discovery.md","06cfa201f270ef8dd4c97619ee94c8194c62f04ea60d5d0ae41158e3c7d27eb3"
"md","step-e-01b-legacy-conversion","bmm","bmm/workflows/2-plan-workflows/bmad-edit-prd/steps-e/step-e-01b-legacy-conversion.md","e6bbe9020e6986a620fc0299a48e6c31c9d1ec14691df11be71baeb79837bc92"
"md","step-e-02-review","bmm","bmm/workflows/2-plan-workflows/bmad-edit-prd/steps-e/step-e-02-review.md","c20cb252968c20431e48d479047ff8f4a6d7e08a0b5209aa51ddb1e29e81ab45"
"md","step-e-03-edit","bmm","bmm/workflows/2-plan-workflows/bmad-edit-prd/steps-e/step-e-03-edit.md","6c71b4065d6dcf7bd8309df864b394ea5d67725feacdb9e02e989320525f85bf"
"md","step-e-04-complete","bmm","bmm/workflows/2-plan-workflows/bmad-edit-prd/steps-e/step-e-04-complete.md","2e4bb172c5c8c0e6924ed81cf7b783e8df99b335927a58fe56acf11b4b2e5d2c"
"md","step-v-01-discovery","bmm","bmm/workflows/2-plan-workflows/create-prd/steps-v/step-v-01-discovery.md","294d481be1c4ca0893479c7ca41d97dc7460951f8da24a8e9ae374e295e953dd"
"md","step-v-02-format-detection","bmm","bmm/workflows/2-plan-workflows/create-prd/steps-v/step-v-02-format-detection.md","251ea5a1cf7779db2dc39d5d8317976a27f84b421359c1974ae96c0943094341"
"md","step-v-02b-parity-check","bmm","bmm/workflows/2-plan-workflows/create-prd/steps-v/step-v-02b-parity-check.md","3481beae212bb0140c105d0ae87bb9714859c93a471048048512fd1278da2fcd"
"md","step-v-03-density-validation","bmm","bmm/workflows/2-plan-workflows/create-prd/steps-v/step-v-03-density-validation.md","5b95ecd032fb65f86b7eee7ce7c30c997dc2a8b5e4846d88c2853538591a9e40"
"md","step-v-04-brief-coverage-validation","bmm","bmm/workflows/2-plan-workflows/create-prd/steps-v/step-v-04-brief-coverage-validation.md","97eb248c7d67e6e5121dd0b020409583998fba433799ea4c5c8cb40c7ff9c7c1"
"md","step-v-05-measurability-validation","bmm","bmm/workflows/2-plan-workflows/create-prd/steps-v/step-v-05-measurability-validation.md","2f331ee6d4f174dec0e4b434bf7691bfcf3a13c6ee0c47a65989badaa6b6a28c"
"md","step-v-06-traceability-validation","bmm","bmm/workflows/2-plan-workflows/create-prd/steps-v/step-v-06-traceability-validation.md","970ea67486211a611a701e1490ab7e8f2f98060a9f78760b6ebfdb9f37743c74"
"md","step-v-07-implementation-leakage-validation","bmm","bmm/workflows/2-plan-workflows/create-prd/steps-v/step-v-07-implementation-leakage-validation.md","f75d1d808fdf3d61b15bea55418b82df747f45902b6b22fe541e83b4ea3fa465"
"md","step-v-08-domain-compliance-validation","bmm","bmm/workflows/2-plan-workflows/create-prd/steps-v/step-v-08-domain-compliance-validation.md","a1902baaf4eaaf946e5c2c2101a1ac46f8ee4397e599218b8dc030cd00c97512"
"md","step-v-09-project-type-validation","bmm","bmm/workflows/2-plan-workflows/create-prd/steps-v/step-v-09-project-type-validation.md","d53e95264625335184284d3f9d0fc6e7674f67bdf97e19362fc33df4bea7f096"
"md","step-v-10-smart-validation","bmm","bmm/workflows/2-plan-workflows/create-prd/steps-v/step-v-10-smart-validation.md","b3c21cfcb8928ee447e12ba321af957a57385d0a2d2595deb6908212ec1c9692"
"md","step-v-11-holistic-quality-validation","bmm","bmm/workflows/2-plan-workflows/create-prd/steps-v/step-v-11-holistic-quality-validation.md","8de5a529b7cf26e052beba9c616a10192a153bae4432c423780d81c4dc38d39a"
"md","step-v-12-completeness-validation","bmm","bmm/workflows/2-plan-workflows/create-prd/steps-v/step-v-12-completeness-validation.md","c966933a0ca3753db75591325cef4d4bdaf9639a1a63f9438758d32f7e1a1dda"
"md","step-v-13-report-complete","bmm","bmm/workflows/2-plan-workflows/create-prd/steps-v/step-v-13-report-complete.md","f9bb4ee17e51b5faa8c4c2e87a9c45db5c25012127c22991b5596d8332348075"
"md","tech-spec-template","bmm","bmm/workflows/bmad-quick-flow/bmad-quick-dev-new-preview/tech-spec-template.md","5d253f505d7584633efe55fe7b16a5bbd630708a075542a0e5f6b563ef1218b2"
"md","tech-spec-template","bmm","bmm/workflows/bmad-quick-flow/bmad-quick-spec/tech-spec-template.md","6e0ac4991508fec75d33bbe36197e1576d7b2a1ea7ceba656d616e7d7dadcf03"
"md","template","bmm","bmm/workflows/4-implementation/bmad-create-story/template.md","29ba697368d77e88e88d0e7ac78caf7a78785a7dcfc291082aa96a62948afb67"
"md","ux-design-template","bmm","bmm/workflows/2-plan-workflows/bmad-create-ux-design/ux-design-template.md","ffa4b89376cd9db6faab682710b7ce755990b1197a8b3e16b17748656d1fca6a"
"md","workflow","bmm","bmm/workflows/1-analysis/bmad-create-product-brief/workflow.md","a8a3ffe52348a2e80ec382b200f0f8f7a00d5aeedb6d303941d52de8c6c8dcff"
"md","workflow","bmm","bmm/workflows/1-analysis/research/bmad-domain-research/workflow.md","8f50250c35786710b7a380404791ce5d04834f5c381abb297a6d1adc2a5007f8"
"md","workflow","bmm","bmm/workflows/1-analysis/research/bmad-technical-research/workflow.md","69da7541ebac524a905218470c1f91e93ef631b7993629ada9e5224598e93f3f"
"md","workflow","bmm","bmm/workflows/2-plan-workflows/bmad-create-ux-design/workflow.md","d3f718aca12f9618e4271480bd76835e7f33961a4c168ce5aaec9e5a3a083c76"
"md","workflow","bmm","bmm/workflows/2-plan-workflows/bmad-edit-prd/workflow.md","700bd85ee741e5a8db3b062c5c5e58b02091a52cc2a860506f93de582e0dceeb"
"md","workflow","bmm","bmm/workflows/3-solutioning/bmad-check-implementation-readiness/workflow.md","0e1f1c49ee3d1965fa2378728ad5ebf8bb9d97aee67adf44993a672fbc0c85e8"
"md","workflow","bmm","bmm/workflows/3-solutioning/bmad-create-architecture/workflow.md","7845e7b62ca44da48fac9d732be43e83fe312a8bc83dd9e06574fbbc629c3b49"
"md","workflow","bmm","bmm/workflows/3-solutioning/bmad-create-epics-and-stories/workflow.md","204ce6a9fb23b63d8c254673d073f51202277dc280f9d9a535c2763aeb878a03"
"md","workflow","bmm","bmm/workflows/4-implementation/bmad-code-review/workflow.md","c012249f19b1548702c409c0fcc791e73ce7c5b4c3f5ea7d9c34b520b4075f49"
"md","workflow","bmm","bmm/workflows/4-implementation/bmad-correct-course/workflow.md","a0d0d47be4b2e5a7ad1c7e2ccec36966972cdb01441686092b98b3adbeafe38e"
"md","workflow","bmm","bmm/workflows/4-implementation/bmad-create-story/workflow.md","004076ca951e274c4d6f7c75fbbbb3c1cf2bf71dfb491ce5ff21fd7827de3738"
"md","workflow","bmm","bmm/workflows/4-implementation/bmad-dev-story/workflow.md","96109fde74e4a6743acb6d3b70f83b6ceddc48dc7dc5fbb4a7a5142ecc0fc51e"
"md","workflow","bmm","bmm/workflows/4-implementation/bmad-retrospective/workflow.md","aa0c39d871f653d19131c4c13e84bf40d7b7c764aad9e117fc328008fbd356b1"
"md","workflow","bmm","bmm/workflows/4-implementation/bmad-sprint-planning/workflow.md","6d4714a4d13d2a4f603062111fd46e6e8c69d0793b3501495b5d3826fbd0af4d"
"md","workflow","bmm","bmm/workflows/4-implementation/bmad-sprint-status/workflow.md","61c96b0bca5c720b3f8d9aac459611955add277e19716db796f211bad94d4e70"
"md","workflow","bmm","bmm/workflows/bmad-document-project/workflow.md","946a5e79552769a0254791f4faab719e1fce0b0ca5163c8948e3ab7f6bbd77e9"
"md","workflow","bmm","bmm/workflows/bmad-generate-project-context/workflow.md","9d804dcdc199ae91f27f43276069e1924d660d506f455931c99759a3fd7d305d"
"md","workflow","bmm","bmm/workflows/bmad-qa-generate-e2e-tests/workflow.md","bf7816cacac18998346eb8ef0e751cb7f1e632c91056b2e69199cd4e9274673b"
"md","workflow","bmm","bmm/workflows/bmad-quick-flow/bmad-quick-dev/workflow.md","95582e79c5900b814144a3e381f208a926d8c485c3b9e34116c2fab138a19964"
"md","workflow","bmm","bmm/workflows/bmad-quick-flow/bmad-quick-dev-new-preview/workflow.md","b684d74b3cecc9c9e436b99ec180b062768835df0f94fc22f9e9d64842ce0299"
"md","workflow","bmm","bmm/workflows/bmad-quick-flow/bmad-quick-spec/workflow.md","d83a4ced22040d49e64fef2e66f111feb395a16da5033e903ab6c565c851dca6"
"md","workflow-create-prd","bmm","bmm/workflows/2-plan-workflows/create-prd/workflow-create-prd.md","3b6ad9279a9748c2b9c85bf3881aa4f8679fea6b61c942e86a84e7922f8d8006"
"md","workflow-market-research","bmm","bmm/workflows/1-analysis/research/workflow-market-research.md","ad12c80e4848bee2cb20818af7970efee508abcc98b026c2f873d7fa6b5ad2a5"
"md","workflow-validate-prd","bmm","bmm/workflows/2-plan-workflows/create-prd/workflow-validate-prd.md","bf7ae93f9f6c0cdb507430fae73f48230b16e30a92cfbe2a5e31530575f64d8f"
"yaml","bmad-skill-manifest","bmm","bmm/agents/bmad-skill-manifest.yaml","973b7097e5504c980e7548bf71e1e296b4a6265f5f288a82f9930d65e15ddee9"
"yaml","bmad-skill-manifest","bmm","bmm/agents/tech-writer/bmad-skill-manifest.yaml","a46d895577ce3019fc6b5f5a4c76f58c53e669efd198df7feeeb1b26bd8be415"
"yaml","bmad-skill-manifest","bmm","bmm/workflows/1-analysis/bmad-create-product-brief/bmad-skill-manifest.yaml","ea1b058a23cd4fb442f2e7bc7a3a871b73391c0d18c32ddad020dd56b20425ee"
"yaml","bmad-skill-manifest","bmm","bmm/workflows/1-analysis/research/bmad-domain-research/bmad-skill-manifest.yaml","ea1b058a23cd4fb442f2e7bc7a3a871b73391c0d18c32ddad020dd56b20425ee"
"yaml","bmad-skill-manifest","bmm","bmm/workflows/1-analysis/research/bmad-skill-manifest.yaml","180a54b60fb37051f9b4350990d7adea793739c3ba0cbb379f7a774c3813f479"
"yaml","bmad-skill-manifest","bmm","bmm/workflows/1-analysis/research/bmad-technical-research/bmad-skill-manifest.yaml","ea1b058a23cd4fb442f2e7bc7a3a871b73391c0d18c32ddad020dd56b20425ee"
"yaml","bmad-skill-manifest","bmm","bmm/workflows/2-plan-workflows/bmad-create-ux-design/bmad-skill-manifest.yaml","ea1b058a23cd4fb442f2e7bc7a3a871b73391c0d18c32ddad020dd56b20425ee"
"yaml","bmad-skill-manifest","bmm","bmm/workflows/2-plan-workflows/bmad-edit-prd/bmad-skill-manifest.yaml","ea1b058a23cd4fb442f2e7bc7a3a871b73391c0d18c32ddad020dd56b20425ee"
"yaml","bmad-skill-manifest","bmm","bmm/workflows/2-plan-workflows/create-prd/bmad-skill-manifest.yaml","79b3042b44ddff816ce67a4a3bf017094bfac20fcc7d7c81c94c94c1a5ce8389"
"yaml","bmad-skill-manifest","bmm","bmm/workflows/3-solutioning/bmad-check-implementation-readiness/bmad-skill-manifest.yaml","ea1b058a23cd4fb442f2e7bc7a3a871b73391c0d18c32ddad020dd56b20425ee"
"yaml","bmad-skill-manifest","bmm","bmm/workflows/3-solutioning/bmad-create-architecture/bmad-skill-manifest.yaml","ea1b058a23cd4fb442f2e7bc7a3a871b73391c0d18c32ddad020dd56b20425ee"
"yaml","bmad-skill-manifest","bmm","bmm/workflows/3-solutioning/bmad-create-epics-and-stories/bmad-skill-manifest.yaml","ea1b058a23cd4fb442f2e7bc7a3a871b73391c0d18c32ddad020dd56b20425ee"
"yaml","bmad-skill-manifest","bmm","bmm/workflows/4-implementation/bmad-code-review/bmad-skill-manifest.yaml","ea1b058a23cd4fb442f2e7bc7a3a871b73391c0d18c32ddad020dd56b20425ee"
"yaml","bmad-skill-manifest","bmm","bmm/workflows/4-implementation/bmad-correct-course/bmad-skill-manifest.yaml","ea1b058a23cd4fb442f2e7bc7a3a871b73391c0d18c32ddad020dd56b20425ee"
"yaml","bmad-skill-manifest","bmm","bmm/workflows/4-implementation/bmad-create-story/bmad-skill-manifest.yaml","ea1b058a23cd4fb442f2e7bc7a3a871b73391c0d18c32ddad020dd56b20425ee"
"yaml","bmad-skill-manifest","bmm","bmm/workflows/4-implementation/bmad-dev-story/bmad-skill-manifest.yaml","ea1b058a23cd4fb442f2e7bc7a3a871b73391c0d18c32ddad020dd56b20425ee"
"yaml","bmad-skill-manifest","bmm","bmm/workflows/4-implementation/bmad-retrospective/bmad-skill-manifest.yaml","ea1b058a23cd4fb442f2e7bc7a3a871b73391c0d18c32ddad020dd56b20425ee"
"yaml","bmad-skill-manifest","bmm","bmm/workflows/4-implementation/bmad-sprint-planning/bmad-skill-manifest.yaml","ea1b058a23cd4fb442f2e7bc7a3a871b73391c0d18c32ddad020dd56b20425ee"
"yaml","bmad-skill-manifest","bmm","bmm/workflows/4-implementation/bmad-sprint-status/bmad-skill-manifest.yaml","ea1b058a23cd4fb442f2e7bc7a3a871b73391c0d18c32ddad020dd56b20425ee"
"yaml","bmad-skill-manifest","bmm","bmm/workflows/bmad-document-project/bmad-skill-manifest.yaml","ea1b058a23cd4fb442f2e7bc7a3a871b73391c0d18c32ddad020dd56b20425ee"
"yaml","bmad-skill-manifest","bmm","bmm/workflows/bmad-generate-project-context/bmad-skill-manifest.yaml","ea1b058a23cd4fb442f2e7bc7a3a871b73391c0d18c32ddad020dd56b20425ee"
"yaml","bmad-skill-manifest","bmm","bmm/workflows/bmad-qa-generate-e2e-tests/bmad-skill-manifest.yaml","ea1b058a23cd4fb442f2e7bc7a3a871b73391c0d18c32ddad020dd56b20425ee"
"yaml","bmad-skill-manifest","bmm","bmm/workflows/bmad-quick-flow/bmad-quick-dev/bmad-skill-manifest.yaml","ea1b058a23cd4fb442f2e7bc7a3a871b73391c0d18c32ddad020dd56b20425ee"
"yaml","bmad-skill-manifest","bmm","bmm/workflows/bmad-quick-flow/bmad-quick-dev-new-preview/bmad-skill-manifest.yaml","ea1b058a23cd4fb442f2e7bc7a3a871b73391c0d18c32ddad020dd56b20425ee"
"yaml","bmad-skill-manifest","bmm","bmm/workflows/bmad-quick-flow/bmad-quick-spec/bmad-skill-manifest.yaml","ea1b058a23cd4fb442f2e7bc7a3a871b73391c0d18c32ddad020dd56b20425ee"
"yaml","config","bmm","bmm/config.yaml","fc23c4a3f2e74686ba325e0de78a4b5141647ebd275f79aa03d07617cf674575"
"yaml","sprint-status-template","bmm","bmm/workflows/4-implementation/bmad-sprint-planning/sprint-status-template.yaml","b46a7bfb7d226f00bd064f111e527eee54ad470d177382a9a15f1a6dde21544c"
"yaml","team-fullstack","bmm","bmm/teams/team-fullstack.yaml","da8346b10dfad8e1164a11abeb3b0a84a1d8b5f04e01e8490a44ffca477a1b96"
"csv","default-party","cis","cis/teams/default-party.csv","464310e738ec38cf8114552e8274f6c517a17db0e0b176d494ab50154ba982d5"
"csv","design-methods","cis","cis/workflows/bmad-cis-design-thinking/design-methods.csv","6735e9777620398e35b7b8ccb21e9263d9164241c3b9973eb76f5112fb3a8fc9"
"csv","innovation-frameworks","cis","cis/workflows/bmad-cis-innovation-strategy/innovation-frameworks.csv","9a14473b1d667467172d8d161e91829c174e476a030a983f12ec6af249c4e42f"
"csv","module-help","cis","cis/module-help.csv","911c7e8963eff88c7c18398b38757e077714737aff3f8baf9730c3e0c3ad7d2a"
"csv","solving-methods","cis","cis/workflows/bmad-cis-problem-solving/solving-methods.csv","aa15c3a862523f20c199600d8d4d0a23fce1001010d7efc29a71abe537d42995"
"csv","story-types","cis","cis/workflows/bmad-cis-storytelling/story-types.csv","ec5a3c713617bf7e2cf7db439303dd8f3363daa2f6db20a350c82260ade88bdb"
"md","README","cis","cis/workflows/README.md","cad15d53776a94c91a4f3f16fc6acc8352865091040f3f045125538e53d376a3"
"md","SKILL","cis","cis/workflows/bmad-cis-design-thinking/SKILL.md","3851c14c9a53828692fffc14c484e435adcd5452e2c8bed51f7c5dd54218e02e"
"md","SKILL","cis","cis/workflows/bmad-cis-innovation-strategy/SKILL.md","9a4a90e4b81368ad09fe51a62fde1cc02aa176c828170b077c953c0b0b2f303d"
"md","SKILL","cis","cis/workflows/bmad-cis-problem-solving/SKILL.md","d78b21e22a866da35f84b8aca704ef292c0d8b3444e30a79c82bca2f3af174f8"
"md","SKILL","cis","cis/workflows/bmad-cis-storytelling/SKILL.md","2cfd311821f5ca76a4ad8338b58eb51da6bb508d8bb84ee2b5eb25ca816a3cd6"
"md","template","cis","cis/workflows/bmad-cis-design-thinking/template.md","7834c387ac0412c841b49a9fcdd8043f5ce053e5cb26993548cf4d31b561f6f0"
"md","template","cis","cis/workflows/bmad-cis-innovation-strategy/template.md","e59bd789df87130bde034586d3e68bf1847c074f63d839945e0c29b1d0c85c82"
"md","template","cis","cis/workflows/bmad-cis-problem-solving/template.md","6c9efd7ac7b10010bd9911db16c2fbdca01fb0c306d871fa6381eef700b45608"
"md","template","cis","cis/workflows/bmad-cis-storytelling/template.md","461981aa772ef2df238070cbec90fc40995df2a71a8c22225b90c91afed57452"
"md","workflow","cis","cis/workflows/bmad-cis-design-thinking/workflow.md","7f4436a938d56260706b02b296d559c8697ffbafd536757a7d7d41ef2a577547"
"md","workflow","cis","cis/workflows/bmad-cis-innovation-strategy/workflow.md","23094a6bf5845c6b3cab6fb3cd0c96025b84eb1b0deb0a8d03c543f79b9cc71f"
"md","workflow","cis","cis/workflows/bmad-cis-problem-solving/workflow.md","e43fa26e6a477f26888db76f499936e398b409f36eaed5b462795a4652d2f392"
"md","workflow","cis","cis/workflows/bmad-cis-storytelling/workflow.md","277c82eab204759720e08baa5b6bbb3940074f512a2b76a25979fa885abee4ec"
"yaml","bmad-skill-manifest","cis","cis/workflows/bmad-cis-design-thinking/bmad-skill-manifest.yaml","ea1b058a23cd4fb442f2e7bc7a3a871b73391c0d18c32ddad020dd56b20425ee"
"yaml","bmad-skill-manifest","cis","cis/workflows/bmad-cis-innovation-strategy/bmad-skill-manifest.yaml","ea1b058a23cd4fb442f2e7bc7a3a871b73391c0d18c32ddad020dd56b20425ee"
"yaml","bmad-skill-manifest","cis","cis/workflows/bmad-cis-problem-solving/bmad-skill-manifest.yaml","ea1b058a23cd4fb442f2e7bc7a3a871b73391c0d18c32ddad020dd56b20425ee"
"yaml","bmad-skill-manifest","cis","cis/workflows/bmad-cis-storytelling/bmad-skill-manifest.yaml","ea1b058a23cd4fb442f2e7bc7a3a871b73391c0d18c32ddad020dd56b20425ee"
"yaml","config","cis","cis/config.yaml","c585d6b120d956ede8d501c8ad04eee99b73481be5e0a539337387231adfc62e"
"yaml","creative-squad","cis","cis/teams/creative-squad.yaml","25407cf0ebdf5b10884cd03c86068e04715ef270ada93a3b64cb9907b62c71cf"
"csv","brain-methods","core","core/workflows/bmad-brainstorming/brain-methods.csv","0ab5878b1dbc9e3fa98cb72abfc3920a586b9e2b42609211bb0516eefd542039"
"csv","methods","core","core/tasks/bmad-advanced-elicitation/methods.csv","e08b2e22fec700274982e37be608d6c3d1d4d0c04fa0bae05aa9dba2454e6141"
"csv","module-help","core","core/module-help.csv","7a8f0a0ef5446ce2bdfb5bb56a48e24a4f784f875ddffd6df500b3528d90222d"
"md","SKILL","core","core/tasks/bmad-advanced-elicitation/SKILL.md","736f190feab7fe197d71845bbf66c30da745685d78407f50d67438764f4f2ea6"
"md","SKILL","core","core/tasks/bmad-editorial-review-prose/SKILL.md","84c66b7bcf23c38f2933823e9719eeac270c16a7d1cf002476d9fd3fb457d65b"
"md","SKILL","core","core/tasks/bmad-editorial-review-structure/SKILL.md","467da1b30b94d9c4856b12fc019f46514c11da30dd66785536f13a3a933e56c5"
"md","SKILL","core","core/tasks/bmad-help/SKILL.md","76e2e465a8f2726c135a3835c520ed2e8752b416a5199938e6226ce6a3dec64b"
"md","SKILL","core","core/tasks/bmad-index-docs/SKILL.md","8e4c962c18474b0d5296a1edb8cfd73df587a3b00bd8c57fa3c62ba3425fa418"
"md","SKILL","core","core/tasks/bmad-review-adversarial-general/SKILL.md","6efa7c2a3d787f7659fc694425080f383fa4a9aba969f47b4920dc027f33bcee"
"md","SKILL","core","core/tasks/bmad-review-edge-case-hunter/SKILL.md","d27d976de6244e37577e876992d5756c408c7cd4f357bef57f6bc593ad0c0d45"
"md","SKILL","core","core/tasks/bmad-shard-doc/SKILL.md","dee71f825fbc559034bb25340d3286b0167017a7e80148ac314d240e88f737eb"
"md","SKILL","core","core/workflows/bmad-brainstorming/SKILL.md","f1a7684fffc5cc53ed2c195f728e94fbb61a8587f00b0b1fe0babd5def28efdd"
"md","SKILL","core","core/workflows/bmad-party-mode/SKILL.md","0cf1d1915a9b64c0e09d20e8a873680f7dafc19918ab5617c8e39c5a6ee0152d"
"md","step-01-agent-loading","core","core/workflows/bmad-party-mode/steps/step-01-agent-loading.md","04ab6b6247564f7edcd5c503f5ca7d27ae688b09bbe2e24345550963a016e9f9"
"md","step-01-session-setup","core","core/workflows/bmad-brainstorming/steps/step-01-session-setup.md","482717ee4e9c1a2e7fede29c575b227bad702b9ee7c7b584bc0e54d40eb1536b"
"md","step-01b-continue","core","core/workflows/bmad-brainstorming/steps/step-01b-continue.md","bb88e341a25e5e33d533046470a6a4e828ff427066f49bf29ccd22c507c7f726"
"md","step-02-discussion-orchestration","core","core/workflows/bmad-party-mode/steps/step-02-discussion-orchestration.md","a8a79890bd03237e20f1293045ecf06f9a62bc590f5c2d4f88e250cee40abb0b"
"md","step-02a-user-selected","core","core/workflows/bmad-brainstorming/steps/step-02a-user-selected.md","558b162466745b92687a5d6e218f243a98436dd177b2d5544846c5ff4497cc94"
"md","step-02b-ai-recommended","core","core/workflows/bmad-brainstorming/steps/step-02b-ai-recommended.md","99aa935279889f278dcb2a61ba191600a18e9db356dd8ce62f0048d3c37c9531"
"md","step-02c-random-selection","core","core/workflows/bmad-brainstorming/steps/step-02c-random-selection.md","f188c260c321c7f026051fefcd267a26ee18ce2a07f64bab7f453c0c3e483316"
"md","step-02d-progressive-flow","core","core/workflows/bmad-brainstorming/steps/step-02d-progressive-flow.md","a28c7a3edf34ceb0eea203bf7dc80f39ca04974f6d1ec243f0a088281b2e55de"
"md","step-03-graceful-exit","core","core/workflows/bmad-party-mode/steps/step-03-graceful-exit.md","85e87df198fbb7ce1cf5e65937c4ad6f9ab51a2d80701979570f00519a2d9478"
"md","step-03-technique-execution","core","core/workflows/bmad-brainstorming/steps/step-03-technique-execution.md","e4e187a3f81d8a596945fde6cb873b23c2c5070687be95fdc1821af3a898acc1"
"md","step-04-idea-organization","core","core/workflows/bmad-brainstorming/steps/step-04-idea-organization.md","cec7bc5c28248afb3282d7a5fcafed184371462417326dec38b89b157e2cffa6"
"md","template","core","core/workflows/bmad-brainstorming/template.md","5c99d76963eb5fc21db96c5a68f39711dca7c6ed30e4f7d22aedee9e8bb964f9"
"md","workflow","core","core/tasks/bmad-advanced-elicitation/workflow.md","5153431337e78ec539598a4ee48d0778508742b6a0b5f9b2ddf00a31892e68ab"
"md","workflow","core","core/tasks/bmad-editorial-review-prose/workflow.md","998ad2589728fac834820639886744bb3d1606674a1b2a1ab0da47fae8eb3e50"
"md","workflow","core","core/tasks/bmad-editorial-review-structure/workflow.md","ea2ab3dc9e586b1cc962371eac3e894719752536d3d8b6d68892d5aa68a46505"
"md","workflow","core","core/tasks/bmad-help/workflow.md","e610f8be8f1a5742cea912378ffbe2f580b20ee5c6c6f13bdbbab61dd98ef567"
"md","workflow","core","core/tasks/bmad-index-docs/workflow.md","295495eb83ee0f167629b1eafb906e02eb7e151b2378f4858a1fd23c130c3bce"
"md","workflow","core","core/tasks/bmad-review-adversarial-general/workflow.md","dd6f172ecec5f5a3aa94904b96f53dbc0d8560e93aaf16f23b801c5649b2d798"
"md","workflow","core","core/tasks/bmad-review-edge-case-hunter/workflow.md","77b50cf0a221eb6ff90a824593feac4f04fc7f694d4791e0fa9599e5919b54aa"
"md","workflow","core","core/tasks/bmad-shard-doc/workflow.md","0188bc74dc52d7cdc45106fcb087eabbbc645b49f2ededb797d57bdde4e9b02d"
"md","workflow","core","core/workflows/bmad-brainstorming/workflow.md","1499cfe243a5f1b3d05b206e14d20bb0b3ab70ddd232fcc4bdd731e5f9c54c61"
"md","workflow","core","core/workflows/bmad-party-mode/workflow.md","e4f7328ccac68ecb7fb346c6b8f4e2e52171b63cff9070c0b382124872e673cb"
"yaml","bmad-skill-manifest","core","core/agents/bmad-skill-manifest.yaml","8f998d8c2b4b37de894e302a79916826b390049d15f96c5a4c8f5440dedf6e86"
"yaml","bmad-skill-manifest","core","core/tasks/bmad-advanced-elicitation/bmad-skill-manifest.yaml","ea1b058a23cd4fb442f2e7bc7a3a871b73391c0d18c32ddad020dd56b20425ee"
"yaml","bmad-skill-manifest","core","core/tasks/bmad-editorial-review-prose/bmad-skill-manifest.yaml","ea1b058a23cd4fb442f2e7bc7a3a871b73391c0d18c32ddad020dd56b20425ee"
"yaml","bmad-skill-manifest","core","core/tasks/bmad-editorial-review-structure/bmad-skill-manifest.yaml","ea1b058a23cd4fb442f2e7bc7a3a871b73391c0d18c32ddad020dd56b20425ee"
"yaml","bmad-skill-manifest","core","core/tasks/bmad-help/bmad-skill-manifest.yaml","ea1b058a23cd4fb442f2e7bc7a3a871b73391c0d18c32ddad020dd56b20425ee"
"yaml","bmad-skill-manifest","core","core/tasks/bmad-index-docs/bmad-skill-manifest.yaml","ea1b058a23cd4fb442f2e7bc7a3a871b73391c0d18c32ddad020dd56b20425ee"
"yaml","bmad-skill-manifest","core","core/tasks/bmad-review-adversarial-general/bmad-skill-manifest.yaml","ea1b058a23cd4fb442f2e7bc7a3a871b73391c0d18c32ddad020dd56b20425ee"
"yaml","bmad-skill-manifest","core","core/tasks/bmad-review-edge-case-hunter/bmad-skill-manifest.yaml","ea1b058a23cd4fb442f2e7bc7a3a871b73391c0d18c32ddad020dd56b20425ee"
"yaml","bmad-skill-manifest","core","core/tasks/bmad-shard-doc/bmad-skill-manifest.yaml","ea1b058a23cd4fb442f2e7bc7a3a871b73391c0d18c32ddad020dd56b20425ee"
"yaml","bmad-skill-manifest","core","core/workflows/bmad-brainstorming/bmad-skill-manifest.yaml","ea1b058a23cd4fb442f2e7bc7a3a871b73391c0d18c32ddad020dd56b20425ee"
"yaml","bmad-skill-manifest","core","core/workflows/bmad-party-mode/bmad-skill-manifest.yaml","ea1b058a23cd4fb442f2e7bc7a3a871b73391c0d18c32ddad020dd56b20425ee"
"yaml","config","core","core/config.yaml","a47c88bc4939e80a0ada28498eb627c2e6868639cfd690312eaad718a9bd3fd5"
"csv","default-party","tea","tea/teams/default-party.csv","b41cb24a2367b6d856c14f955d59b3e924ebead6c7a5ffba0d5c4c1d02cae0fb"
"csv","module-help","tea","tea/module-help.csv","d43c9b997ceb1e9980e16f2e708bad069cc82c4e3aada5a1b622e25794f5f082"
"csv","tea-index","tea","tea/testarch/tea-index.csv","8b1b6012a18404016de6d411898944e08282727f885029e9be15a4a1494eb41a"
"groovy","jenkins-pipeline-template","tea","tea/workflows/testarch/bmad-testarch-ci/jenkins-pipeline-template.groovy","f2b75c5ba3eda7537044909830ca674d794eaa929bcd032fcc2c523709b9bb77"
"md","adr-quality-readiness-checklist","tea","tea/testarch/knowledge/adr-quality-readiness-checklist.md","a8129b16c3b2afbc1f58fe5edc73dc8f1291c172c6ca009d92f1947bef1a237e"
"md","api-request","tea","tea/testarch/knowledge/api-request.md","d14f6e26151c48424d60cde5db81c0ffc8ec72eaf3357f27b4e137f222a4c4e3"
"md","api-testing-patterns","tea","tea/testarch/knowledge/api-testing-patterns.md","4b1b7069737d4916853f1393d1cd804ce7061454ad250fb919046a78b77c2648"
"md","atdd-checklist-template","tea","tea/workflows/testarch/bmad-testarch-atdd/atdd-checklist-template.md","352e3f331dea9ddc975487ef32bef01edcd838200740f55adfd81ddd37b8384f"
"md","auth-session","tea","tea/testarch/knowledge/auth-session.md","2b3de2a9468caf85f0e47ba9d79b142f424b6c10e3a342c264f1cf73d2f70ddc"
"md","burn-in","tea","tea/testarch/knowledge/burn-in.md","5ba3d2abe6b961e5bc3948ab165e801195bff3ee6e66569c00c219b484aa4b5d"
"md","certificate-template","tea","tea/workflows/testarch/bmad-teach-me-testing/templates/certificate-template.md","1473946a9e3601e473e6c6c7c2ac2cb6cf1b7f3f22d07f1828cd3a9275158a08"
"md","checklist","tea","tea/workflows/testarch/bmad-teach-me-testing/checklist.md","8ae9620ee1d25e3758be40e05e1ec0e5f8d06f47b9a8c77ae1e2eb965d9b3ff0"
"md","checklist","tea","tea/workflows/testarch/bmad-testarch-atdd/checklist.md","4af3b837cc5ce6a9f8177e153c61929060e08686607c375e4527c7cc993b2c70"
"md","checklist","tea","tea/workflows/testarch/bmad-testarch-automate/checklist.md","cd132e3d4cf6e8164d0483e3f4abaa47e3ae81684d15673868a09de8d66fe94f"
"md","checklist","tea","tea/workflows/testarch/bmad-testarch-ci/checklist.md","a8b45cb926b53b6e16419db396c6f4c21aafb9a4022698971bcbd8622e805037"
"md","checklist","tea","tea/workflows/testarch/bmad-testarch-framework/checklist.md","57d0b2e495e352b96cdc2cf7218808d29ad502410c4c08049c85d04cf7364de7"
"md","checklist","tea","tea/workflows/testarch/bmad-testarch-nfr/checklist.md","7c940c238a25a53a6732ce2b5c74ae1e3fef020f61d032e03477024701462b5d"
"md","checklist","tea","tea/workflows/testarch/bmad-testarch-test-design/checklist.md","03f0058ceaa2bc2b8081b39db2c79293afb2a9e24cbce475770f2dbc0b97436d"
"md","checklist","tea","tea/workflows/testarch/bmad-testarch-test-review/checklist.md","5349341939bad271adae217749a0b960873d4a35dcb5f2f249bcfa5790c10617"
"md","checklist","tea","tea/workflows/testarch/bmad-testarch-trace/checklist.md","0fed29772d3b5c32bd447ae3631b91d5a8eaef4bf265337a061415545defe1c6"
"md","ci-burn-in","tea","tea/testarch/knowledge/ci-burn-in.md","cc9ca53c62b910872e399ec1d378542e211e70563ddbce9aba84af253e0c74ac"
"md","component-tdd","tea","tea/testarch/knowledge/component-tdd.md","88bd1f9ca1d5bcd1552828845fe80b86ff3acdf071bac574eda744caf7120ef8"
"md","contract-testing","tea","tea/testarch/knowledge/contract-testing.md","67c706135f3fd8fde5d112acbff37dc75a5ef847729752bc92bd735d6d85f393"
"md","data-factories","tea","tea/testarch/knowledge/data-factories.md","d7428fe7675da02b6f5c4c03213fc5e542063f61ab033efb47c1c5669b835d88"
"md","email-auth","tea","tea/testarch/knowledge/email-auth.md","43f4cc3138a905a91f4a69f358be6664a790b192811b4dfc238188e826f6b41b"
"md","error-handling","tea","tea/testarch/knowledge/error-handling.md","38975ebe2655b4d85035d8e740aef63fdef63dc31f9acf530142788060f62153"
"md","feature-flags","tea","tea/testarch/knowledge/feature-flags.md","5b3cf037169719e69d468ff2ecfc94711bc41fd3e330c6f81a404163bb09fdba"
"md","file-utils","tea","tea/testarch/knowledge/file-utils.md","7d1092930118fb160b9c0a4a48c398d9b08bb909d1e2432662d8e81e1e3b0087"
"md","fixture-architecture","tea","tea/testarch/knowledge/fixture-architecture.md","c0c62381e7a0385fe0d8b59861a3756994d3bbc673e4605ded9607d5217c7e55"
"md","fixtures-composition","tea","tea/testarch/knowledge/fixtures-composition.md","8e57a897663a272fd603026aeec76941543c1e09d129e377846726fd405f3a5a"
"md","instructions","tea","tea/workflows/testarch/bmad-teach-me-testing/instructions.md","40c4eed58b058a9cc8cab7d32f3dbb1960e535c6456620b46e12ebfbd7692506"
"md","instructions","tea","tea/workflows/testarch/bmad-testarch-atdd/instructions.md","ea47f7bd4668dbf3cea6d6692de799cd9f1f945b75f3457b771725449aa7c83a"
"md","instructions","tea","tea/workflows/testarch/bmad-testarch-automate/instructions.md","a330f40935ad454eb684d5ec22fa9abda49d158df0ba37d63cc97808a57d9741"
"md","instructions","tea","tea/workflows/testarch/bmad-testarch-ci/instructions.md","f0249b895246c71fa9e486b9090293596ce3f2a0d9b15f3a275f3206303a8805"
"md","instructions","tea","tea/workflows/testarch/bmad-testarch-framework/instructions.md","90a2618ab99fedecd6df0457aa836a393362e93180654669f8d2c27bb267f2d5"
"md","instructions","tea","tea/workflows/testarch/bmad-testarch-nfr/instructions.md","ea2abf088ba7138640ff458041c38bffb80ea04617f56751fc9c7d7c002e9329"
"md","instructions","tea","tea/workflows/testarch/bmad-testarch-test-design/instructions.md","9908ea552ae93255929086c85a11ee068dcd4748fc44e7e8189e9f3ca7e7d75e"
"md","instructions","tea","tea/workflows/testarch/bmad-testarch-test-review/instructions.md","bf7fa4a84baa56a94bd5f0da74c14aba2e2262bd4a419443009293d8a2d47b90"
"md","instructions","tea","tea/workflows/testarch/bmad-testarch-trace/instructions.md","cdb83252c5ed11cd40907c18ad42277d5a3aa6d6c9ad2cf9953956be7471e08c"
"md","intercept-network-call","tea","tea/testarch/knowledge/intercept-network-call.md","ac8213cc28a9f9c452a6fb419356dd1d66ce495d7f29d188fcb1bb51456ba869"
"md","log","tea","tea/testarch/knowledge/log.md","54b09992275e1ab361bf109b342a7d487cbb5bafa4e9cc48b320a1a5eb11857f"
"md","network-error-monitor","tea","tea/testarch/knowledge/network-error-monitor.md","c9041fd4af8162580a12c7adad79fdf7539fae7d6717fe7dace05e851c1b734c"
"md","network-first","tea","tea/testarch/knowledge/network-first.md","2920e58e145626f5505bcb75e263dbd0e6ac79a8c4c2ec138f5329e06a6ac014"
"md","network-recorder","tea","tea/testarch/knowledge/network-recorder.md","6ae5ee35a9f1816dc4bf7c4573f6be931a16567d697ff463867819cc39a3268d"
"md","nfr-criteria","tea","tea/testarch/knowledge/nfr-criteria.md","e63cee4a0193e4858c8f70ff33a497a1b97d13a69da66f60ed5c9a9853025aa1"
"md","nfr-report-template","tea","tea/workflows/testarch/bmad-testarch-nfr/nfr-report-template.md","452ac39fb19ccd6bbd2185a99c5fc431a7ba134cd641482cfa9a9f5c91a2bffa"
"md","overview","tea","tea/testarch/knowledge/overview.md","25ca75c93fbcef398c7ec7a201ece881f6f3a15f86cfc0a19a04b90a2c6dddbf"
"md","pact-consumer-di","tea","tea/testarch/knowledge/pact-consumer-di.md","c3883f65512dcebb78e611d9091fb8091f211b098685adb81719faefa365d793"
"md","pact-consumer-framework-setup","tea","tea/testarch/knowledge/pact-consumer-framework-setup.md","ed317c633c81dfe18166a68b777e30cc0fd13e94d284e996bad4aa365ea3de43"
"md","pact-mcp","tea","tea/testarch/knowledge/pact-mcp.md","c98b5bb74aa238af47aab8a00bee20afd25ceda7e50381ff4f18f6a91f9e6045"
"md","pactjs-utils-consumer-helpers","tea","tea/testarch/knowledge/pactjs-utils-consumer-helpers.md","3923dc48fb0e58646c065b93746d860bebe5bbbdd2c84246b8ad483000db1673"
"md","pactjs-utils-overview","tea","tea/testarch/knowledge/pactjs-utils-overview.md","64fcf26c2d5c7c183c8d7a83ed20d1f1857182724cfed5e92318dadb1b258584"
"md","pactjs-utils-provider-verifier","tea","tea/testarch/knowledge/pactjs-utils-provider-verifier.md","ac3e0d6e3137f927fef822a33f33d03c78d0a1ccd950fbca93ef1ef9276c109c"
"md","pactjs-utils-request-filter","tea","tea/testarch/knowledge/pactjs-utils-request-filter.md","6f900300880f2544511436fa68c24268b3b28e0498af6dc43c848047a3cbff18"
"md","playwright-cli","tea","tea/testarch/knowledge/playwright-cli.md","e6d91a73ae853aab5aefa7aebd3245f01f8fbc0d7cbd81966f16815e6c7a2c53"
"md","playwright-config","tea","tea/testarch/knowledge/playwright-config.md","6cf92e96ba3af753da3cf627f7c44b9090a590a35f1d24f6849cd5d20bd1b678"
"md","probability-impact","tea","tea/testarch/knowledge/probability-impact.md","446dba0caa1eb162734514f35366f8c38ed3666528b0b5e16c7f03fd3c537d0f"
"md","README","tea","tea/workflows/testarch/README.md","044c8c0207041e6f48eaca87a0b240f30dff8ed6d5253fd4f4f5e47d44825e86"
"md","recurse","tea","tea/testarch/knowledge/recurse.md","7937897b8d8fd74ab647634fb549ba9344e86d39f9a705e8731a7531e51ad726"
"md","risk-governance","tea","tea/testarch/knowledge/risk-governance.md","500482561420c9f2caad2eb92e5c503208adaa5ab952a317359556b3f11376f1"
"md","selective-testing","tea","tea/testarch/knowledge/selective-testing.md","060651774648174fdbff0fe7b858bd81d7c3bce8ee5a53ed7c1ba56e4dd4bbe0"
"md","selector-resilience","tea","tea/testarch/knowledge/selector-resilience.md","a55c25a340f1cd10811802665754a3f4eab0c82868fea61fea9cc61aa47ac179"
"md","session-notes-template","tea","tea/workflows/testarch/bmad-teach-me-testing/templates/session-notes-template.md","bdcc8dac35ed5ce2c7a95ab0fd55b2dfa27e3173ed1f5d78e44f8755514e1c70"
"md","SKILL","tea","tea/workflows/testarch/bmad-teach-me-testing/SKILL.md","1ae9a9e31257ce5fd96db671790b210889a96b51d8e3b52fe1595e1d30e1af40"
"md","SKILL","tea","tea/workflows/testarch/bmad-testarch-atdd/SKILL.md","e35f3f853bfec58d1b04f00a687c54921d19495e6b2045c9b21a10d651d5565b"
"md","SKILL","tea","tea/workflows/testarch/bmad-testarch-automate/SKILL.md","9f48ff94935c6c46c91a2581f5ce488294faa0cc3c2df68d96d8df127c414579"
"md","SKILL","tea","tea/workflows/testarch/bmad-testarch-ci/SKILL.md","bfc0ce37f12b9b699d3613bfcc8a05330a4f8f0eb583518a1fb3db0fd0da7c9a"
"md","SKILL","tea","tea/workflows/testarch/bmad-testarch-framework/SKILL.md","09cce11e802bc4f8eb88301ecddf8ee1517dc956145f525d2c31a09fd3138c4c"
"md","SKILL","tea","tea/workflows/testarch/bmad-testarch-nfr/SKILL.md","fd94d3eb73af74b7ebc76d5309835783eb964e0828b96b49dce5af4efd2014ff"
"md","SKILL","tea","tea/workflows/testarch/bmad-testarch-test-design/SKILL.md","e7c6e3357e048e41631a52d00427866cfd7407ff2ad885ffb02a1316243655c5"
"md","SKILL","tea","tea/workflows/testarch/bmad-testarch-test-review/SKILL.md","8695616858418510b59b6876b3d9cf72240ee035af36d6c55543bc3ba8414b51"
"md","SKILL","tea","tea/workflows/testarch/bmad-testarch-trace/SKILL.md","2bea8f5abd934499f99b36c2790142d001121333c24aba72bbbc460901f46ae0"
"md","step-01-assess","tea","tea/workflows/testarch/bmad-testarch-atdd/steps-e/step-01-assess.md","a98e5d250cd980cbe6bdc33682763512622eee8db3610d42f85e621df6eecf2d"
"md","step-01-assess","tea","tea/workflows/testarch/bmad-testarch-automate/steps-e/step-01-assess.md","a98e5d250cd980cbe6bdc33682763512622eee8db3610d42f85e621df6eecf2d"
"md","step-01-assess","tea","tea/workflows/testarch/bmad-testarch-ci/steps-e/step-01-assess.md","a98e5d250cd980cbe6bdc33682763512622eee8db3610d42f85e621df6eecf2d"
"md","step-01-assess","tea","tea/workflows/testarch/bmad-testarch-framework/steps-e/step-01-assess.md","a98e5d250cd980cbe6bdc33682763512622eee8db3610d42f85e621df6eecf2d"
"md","step-01-assess","tea","tea/workflows/testarch/bmad-testarch-nfr/steps-e/step-01-assess.md","a98e5d250cd980cbe6bdc33682763512622eee8db3610d42f85e621df6eecf2d"
"md","step-01-assess","tea","tea/workflows/testarch/bmad-testarch-test-design/steps-e/step-01-assess.md","a98e5d250cd980cbe6bdc33682763512622eee8db3610d42f85e621df6eecf2d"
"md","step-01-assess","tea","tea/workflows/testarch/bmad-testarch-test-review/steps-e/step-01-assess.md","a98e5d250cd980cbe6bdc33682763512622eee8db3610d42f85e621df6eecf2d"
"md","step-01-assess","tea","tea/workflows/testarch/bmad-testarch-trace/steps-e/step-01-assess.md","a98e5d250cd980cbe6bdc33682763512622eee8db3610d42f85e621df6eecf2d"
"md","step-01-detect-mode","tea","tea/workflows/testarch/bmad-testarch-test-design/steps-c/step-01-detect-mode.md","48696d5760479dd78b9f45e6e87721acef95e54c3aee2e618f6bb485f05a74c6"
"md","step-01-init","tea","tea/workflows/testarch/bmad-teach-me-testing/steps-c/step-01-init.md","9a4ac8b773ebf75653d648d668a58c21d7e8ebae979e1dfd1a04e1bafb2eeaa9"
"md","step-01-load-context","tea","tea/workflows/testarch/bmad-testarch-nfr/steps-c/step-01-load-context.md","1bd9a9d8fa6a456d7a1466956a476698b0ee70ebb621f0070c440f40e0bfba96"
"md","step-01-load-context","tea","tea/workflows/testarch/bmad-testarch-test-review/steps-c/step-01-load-context.md","151c2dd262d13ffc692cb8601c922f9fe46736f60aa753c71dbd8fd9313b89ad"
"md","step-01-load-context","tea","tea/workflows/testarch/bmad-testarch-trace/steps-c/step-01-load-context.md","3527da6233a1821bc89683a83d8299810a6892753955bd91f863d7fd3f692de4"
"md","step-01-preflight","tea","tea/workflows/testarch/bmad-testarch-ci/steps-c/step-01-preflight.md","fbff84d7fb1680a7b887fb8c1874cf5dbdeec3a200b8746cc9681d65ce692277"
"md","step-01-preflight","tea","tea/workflows/testarch/bmad-testarch-framework/steps-c/step-01-preflight.md","df7d70e9feac8df36fb89b449545fca6b739700e23f696b582c9d90122feba33"
"md","step-01-preflight-and-context","tea","tea/workflows/testarch/bmad-testarch-atdd/steps-c/step-01-preflight-and-context.md","f396156e6f465120cb5a04a5a71fc752b9ca68b1adba834b71f878175e3173f6"
"md","step-01-preflight-and-context","tea","tea/workflows/testarch/bmad-testarch-automate/steps-c/step-01-preflight-and-context.md","59eb82f3177dc0e3fae6fe04ea80337a323d3476dfd0ce210a566fb64243e245"
"md","step-01-validate","tea","tea/workflows/testarch/bmad-testarch-atdd/steps-v/step-01-validate.md","b9951eb60134b511fb26a0af757b8c89fbbe4a6fc9620cfbae6b74cb9d312da5"
"md","step-01-validate","tea","tea/workflows/testarch/bmad-testarch-automate/steps-v/step-01-validate.md","f0044d7db87235d5814ae02217bff4e9cfe6b4457a37917e31c48d04be3b765d"
"md","step-01-validate","tea","tea/workflows/testarch/bmad-testarch-ci/steps-v/step-01-validate.md","fd26ab264a9fa937bc94f99327d1ecfa9977b6ebc99aec90d7354fbcaf22188c"
"md","step-01-validate","tea","tea/workflows/testarch/bmad-testarch-framework/steps-v/step-01-validate.md","63a16923831596800fd4dd7c7bb3aefe1cd11dcf1caa6c822fdc4ec9df8f7926"
"md","step-01-validate","tea","tea/workflows/testarch/bmad-testarch-nfr/steps-v/step-01-validate.md","f6115af429f6e1ad012dce12fb9692b471f5245340060f00e85c5830c716c2c1"
"md","step-01-validate","tea","tea/workflows/testarch/bmad-testarch-test-design/steps-v/step-01-validate.md","34885b7d44716847b7e349520a5f14dcbaea2c330b53c4062892e436ca23be96"
"md","step-01-validate","tea","tea/workflows/testarch/bmad-testarch-test-review/steps-v/step-01-validate.md","4bf0c205961ba0aa642efee9cd5d8234284b158ebf1ab17b47963a7695d6f815"
"md","step-01-validate","tea","tea/workflows/testarch/bmad-testarch-trace/steps-v/step-01-validate.md","5b024f898b7665a0d53976a045aa99d0ea95089fd368bc3149b48bc48866a4ed"
"md","step-01b-continue","tea","tea/workflows/testarch/bmad-teach-me-testing/steps-c/step-01b-continue.md","6640cc4b88a8c52655491546fedd4e41396e81ec1f635ce8679f96a350921537"
"md","step-01b-resume","tea","tea/workflows/testarch/bmad-testarch-atdd/steps-c/step-01b-resume.md","029818d17dce00980da53768cc2e82720fba35591714853887f0e51198b99f13"
"md","step-01b-resume","tea","tea/workflows/testarch/bmad-testarch-automate/steps-c/step-01b-resume.md","60153862c91240326628d85284357dbd7688636b43c5a04c00a96926aeb71d3b"
"md","step-01b-resume","tea","tea/workflows/testarch/bmad-testarch-ci/steps-c/step-01b-resume.md","b1e63561bfc0808481e6c408c94d4c1fcf12e0b204c8a9d9d0974040ab65d02d"
"md","step-01b-resume","tea","tea/workflows/testarch/bmad-testarch-framework/steps-c/step-01b-resume.md","c9e5bffd9fa15d28089442b960e3fb6c72a2f04c6cae911378d7362af9b77296"
"md","step-01b-resume","tea","tea/workflows/testarch/bmad-testarch-nfr/steps-c/step-01b-resume.md","4db8d8f53e0e42023971c9175e65d85fc936bbf77165e81c09e79f0e80db120a"
"md","step-01b-resume","tea","tea/workflows/testarch/bmad-testarch-test-design/steps-c/step-01b-resume.md","b4eeb6b1687a5a94bef7c8b9492b1ff3e0c6a7ee57e6a04b19229d32044effd0"
"md","step-01b-resume","tea","tea/workflows/testarch/bmad-testarch-test-review/steps-c/step-01b-resume.md","eea2c5d20b738ee20d182632ba60eda3af524421f5eeded7a06ad9adb5dff44c"
"md","step-01b-resume","tea","tea/workflows/testarch/bmad-testarch-trace/steps-c/step-01b-resume.md","4d589f5b86d5c2766e59e9b5ad1bddef1cf3cb815aeffb4b6bf3b004f5b2c141"
"md","step-02-apply-edit","tea","tea/workflows/testarch/bmad-testarch-atdd/steps-e/step-02-apply-edit.md","053a6c2c2a7605a0fb942e2f72c0a52e46eab993cf100883a3f40d2eb271b612"
"md","step-02-apply-edit","tea","tea/workflows/testarch/bmad-testarch-automate/steps-e/step-02-apply-edit.md","053a6c2c2a7605a0fb942e2f72c0a52e46eab993cf100883a3f40d2eb271b612"
"md","step-02-apply-edit","tea","tea/workflows/testarch/bmad-testarch-ci/steps-e/step-02-apply-edit.md","053a6c2c2a7605a0fb942e2f72c0a52e46eab993cf100883a3f40d2eb271b612"
"md","step-02-apply-edit","tea","tea/workflows/testarch/bmad-testarch-framework/steps-e/step-02-apply-edit.md","053a6c2c2a7605a0fb942e2f72c0a52e46eab993cf100883a3f40d2eb271b612"
"md","step-02-apply-edit","tea","tea/workflows/testarch/bmad-testarch-nfr/steps-e/step-02-apply-edit.md","053a6c2c2a7605a0fb942e2f72c0a52e46eab993cf100883a3f40d2eb271b612"
"md","step-02-apply-edit","tea","tea/workflows/testarch/bmad-testarch-test-design/steps-e/step-02-apply-edit.md","053a6c2c2a7605a0fb942e2f72c0a52e46eab993cf100883a3f40d2eb271b612"
"md","step-02-apply-edit","tea","tea/workflows/testarch/bmad-testarch-test-review/steps-e/step-02-apply-edit.md","053a6c2c2a7605a0fb942e2f72c0a52e46eab993cf100883a3f40d2eb271b612"
"md","step-02-apply-edit","tea","tea/workflows/testarch/bmad-testarch-trace/steps-e/step-02-apply-edit.md","053a6c2c2a7605a0fb942e2f72c0a52e46eab993cf100883a3f40d2eb271b612"
"md","step-02-assess","tea","tea/workflows/testarch/bmad-teach-me-testing/steps-c/step-02-assess.md","21a2f9f2ef55cc191ccf840cc25df325b21b339244d8ab7dd5649dd3d3b33878"
"md","step-02-define-thresholds","tea","tea/workflows/testarch/bmad-testarch-nfr/steps-c/step-02-define-thresholds.md","1884465177bc20061a4ffbd3e61701b160ad79a49eec1038e2b55e15edbe1e34"
"md","step-02-discover-tests","tea","tea/workflows/testarch/bmad-testarch-test-review/steps-c/step-02-discover-tests.md","1177af35cdf901a16988eeca2651432b7353becb77512b71979238fe6c38ba08"
"md","step-02-discover-tests","tea","tea/workflows/testarch/bmad-testarch-trace/steps-c/step-02-discover-tests.md","7e9b87ac2a870b075eab8e03c3ebb07f03b7cd458c3dbdef1502078b29d3df36"
"md","step-02-generate-pipeline","tea","tea/workflows/testarch/bmad-testarch-ci/steps-c/step-02-generate-pipeline.md","ffa5248d23ac2d844581d5ddc9c87facce040b8ed5a54a4ddc393814e894d2dd"
"md","step-02-generation-mode","tea","tea/workflows/testarch/bmad-testarch-atdd/steps-c/step-02-generation-mode.md","2fa9c59ecba5b9bf0c793d408d8827c6ff06478394d5220fddadc88834061c72"
"md","step-02-identify-targets","tea","tea/workflows/testarch/bmad-testarch-automate/steps-c/step-02-identify-targets.md","a03c8c759a184bef4f9cede1ec193ad7ef63eac4dbf1468303c1799c36dad9b4"
"md","step-02-load-context","tea","tea/workflows/testarch/bmad-testarch-test-design/steps-c/step-02-load-context.md","b579018577ffe7f03d5dbeb80ea5899a886fd68e3590d2330fe62ed3fde43ac6"
"md","step-02-select-framework","tea","tea/workflows/testarch/bmad-testarch-framework/steps-c/step-02-select-framework.md","0ab007159ec56a5ea42cb3de56b4456daf660e5f9bdc73cf9e4fd4e650ebe782"
"md","step-03-configure-quality-gates","tea","tea/workflows/testarch/bmad-testarch-ci/steps-c/step-03-configure-quality-gates.md","94644196c0ecd496ff1c4edf2a0fced911ca6803e99cfdf2e4a48bc80d4f4367"
"md","step-03-gather-evidence","tea","tea/workflows/testarch/bmad-testarch-nfr/steps-c/step-03-gather-evidence.md","9b74446085e31d5113dcbfc0f1f14854099faa269df70e0fbbcf5be2f94c7ed6"
"md","step-03-generate-tests","tea","tea/workflows/testarch/bmad-testarch-automate/steps-c/step-03-generate-tests.md","dea229e40e2c2c1ecd9eba16a4b1f3836b13c165ed54ed266624bf3217ee62be"
"md","step-03-map-criteria","tea","tea/workflows/testarch/bmad-testarch-trace/steps-c/step-03-map-criteria.md","8459317d5db9ca972b4892b85698ee4edd521902a098344e692c6d9bcc18a704"
"md","step-03-quality-evaluation","tea","tea/workflows/testarch/bmad-testarch-test-review/steps-c/step-03-quality-evaluation.md","706f114f1e13e824c55ae1620086103c89121ad155ca911ab1530832e972b86e"
"md","step-03-risk-and-testability","tea","tea/workflows/testarch/bmad-testarch-test-design/steps-c/step-03-risk-and-testability.md","6bd73e152520edb7ac302dbbbb015829ed82fbff135a5d1d5ef1b961ae8ffece"
"md","step-03-scaffold-framework","tea","tea/workflows/testarch/bmad-testarch-framework/steps-c/step-03-scaffold-framework.md","e6890be407db76676966a3e907449f21200a9e371fd5ec9a7d6898dee622399e"
"md","step-03-session-menu","tea","tea/workflows/testarch/bmad-teach-me-testing/steps-c/step-03-session-menu.md","cdd71419e3d2e4c22132d66a9be1149235c2b59cef39cb75c0608c05ac072d6f"
"md","step-03-test-strategy","tea","tea/workflows/testarch/bmad-testarch-atdd/steps-c/step-03-test-strategy.md","7bf8961677a75612b2be69e9a91d908fb5cc68d73dadff77f1012a321b871508"
"md","step-03a-subagent-api","tea","tea/workflows/testarch/bmad-testarch-automate/steps-c/step-03a-subagent-api.md","a7aa0bdb6b30cb7a8a7b2d765613d9d0f254dfab38be8a850b44c23de93fc450"
"md","step-03a-subagent-determinism","tea","tea/workflows/testarch/bmad-testarch-test-review/steps-c/step-03a-subagent-determinism.md","8ac77c72ac9b304dbb1f4f1f7ace91c162c1853634b210a331f2f10f583fccbb"
"md","step-03b-subagent-backend","tea","tea/workflows/testarch/bmad-testarch-automate/steps-c/step-03b-subagent-backend.md","467714d0a7a917fbc208afbcf70bcd2b7dd4db452e05f2c2c37a5b2e41ffe36c"
"md","step-03b-subagent-e2e","tea","tea/workflows/testarch/bmad-testarch-automate/steps-c/step-03b-subagent-e2e.md","d35388949aad5db13ce4068df95712520050542fa6cfd274e4f6528697acbfa0"
"md","step-03b-subagent-isolation","tea","tea/workflows/testarch/bmad-testarch-test-review/steps-c/step-03b-subagent-isolation.md","67326e3f4a8f9649e02be6c96dabedbd189c4018529d05db83127c17043e68e7"
"md","step-03c-aggregate","tea","tea/workflows/testarch/bmad-testarch-automate/steps-c/step-03c-aggregate.md","653e65646a3787472a61722a2f51596e224e3f5c82bd820baba887c35d92ee5f"
"md","step-03c-subagent-maintainability","tea","tea/workflows/testarch/bmad-testarch-test-review/steps-c/step-03c-subagent-maintainability.md","40608ac2fd47e712160ce44924c9e318842d82aeaec155583aa95723716dc0ba"
"md","step-03e-subagent-performance","tea","tea/workflows/testarch/bmad-testarch-test-review/steps-c/step-03e-subagent-performance.md","94dcbe45080218fe07e6c2d7452e4223c9bcb774e107ac84b0332bfca996c915"
"md","step-03f-aggregate-scores","tea","tea/workflows/testarch/bmad-testarch-test-review/steps-c/step-03f-aggregate-scores.md","5a4f6bf6159a7618b9b6c2eb892f4986e886d25a262d8e66512579b0a656b7cb"
"md","step-04-analyze-gaps","tea","tea/workflows/testarch/bmad-testarch-trace/steps-c/step-04-analyze-gaps.md","159cd6f123d21c5878ec38b14a4a6ccc0aa52b0775681363870219fe00b7e2b4"
"md","step-04-coverage-plan","tea","tea/workflows/testarch/bmad-testarch-test-design/steps-c/step-04-coverage-plan.md","2d6d9b2dce0371d3269a0f9987a40daefce228a3febce226b9f5563ab2e1b32c"
"md","step-04-docs-and-scripts","tea","tea/workflows/testarch/bmad-testarch-framework/steps-c/step-04-docs-and-scripts.md","c6c4fe85650286744422c4ffb9184494528aef28a86d72020ac598e20b66d51d"
"md","step-04-evaluate-and-score","tea","tea/workflows/testarch/bmad-testarch-nfr/steps-c/step-04-evaluate-and-score.md","69ad31112822fbbb1c6b7d00d956ca54ba97b7297e5074f4ee36e66b68c4e56e"
"md","step-04-generate-report","tea","tea/workflows/testarch/bmad-testarch-test-review/steps-c/step-04-generate-report.md","b475dc9300a9ddde6c6f5ddb1219df094f3a766e4540bb1462c04c7ef1ce4990"
"md","step-04-generate-tests","tea","tea/workflows/testarch/bmad-testarch-atdd/steps-c/step-04-generate-tests.md","ed4a5ef22792799a492109340248489dacb0869b70e7c7e8ed871d427f791ef2"
"md","step-04-session-01","tea","tea/workflows/testarch/bmad-teach-me-testing/steps-c/step-04-session-01.md","8573a43249eb408ec201cce49d2cbb61a304b7a4ca39a88c75c4dbc364e0149b"
"md","step-04-session-02","tea","tea/workflows/testarch/bmad-teach-me-testing/steps-c/step-04-session-02.md","a4081fca2bbb9b3fc06f83006b2ec6394fcdea018be2cdff6589ac4cc2c8a6f9"
"md","step-04-session-03","tea","tea/workflows/testarch/bmad-teach-me-testing/steps-c/step-04-session-03.md","729a7193128f6bad23b7da0f0893c7f78f08057d6fed30ddf339700b22b5e78e"
"md","step-04-session-04","tea","tea/workflows/testarch/bmad-teach-me-testing/steps-c/step-04-session-04.md","4fb21909bdb382b3964723d9aa02442c588f74006fddc14a28d7dc133bc6f2dc"
"md","step-04-session-05","tea","tea/workflows/testarch/bmad-teach-me-testing/steps-c/step-04-session-05.md","abad9591931c5d39e4f9c0a5d1c0688c8b8b0891e5e20bebebbcea45db802dc2"
"md","step-04-session-06","tea","tea/workflows/testarch/bmad-teach-me-testing/steps-c/step-04-session-06.md","03ef83440e4fb0f0d11dfc884d1f88016fef213edf7db9e72ba6d469283cb8af"
"md","step-04-session-07","tea","tea/workflows/testarch/bmad-teach-me-testing/steps-c/step-04-session-07.md","5f534f33567c6151b739f462d92b1d4b2b8c869be9f7359efdeafa78d5e9e720"
"md","step-04-validate-and-summarize","tea","tea/workflows/testarch/bmad-testarch-automate/steps-c/step-04-validate-and-summarize.md","2826e30ac9b288483e7d33bf9beb9f1e970ad1b248d8ea0c80712eee3efa309e"
"md","step-04-validate-and-summary","tea","tea/workflows/testarch/bmad-testarch-ci/steps-c/step-04-validate-and-summary.md","60e0b7ba72a5ae0c2d20d78800f5b355b7d075798a8c26114315b928aa273cac"
"md","step-04a-subagent-api-failing","tea","tea/workflows/testarch/bmad-testarch-atdd/steps-c/step-04a-subagent-api-failing.md","371861a56d43d5e6b18fbe9a52326550d22b3f30226791ee0471f38e74fb123e"
"md","step-04a-subagent-security","tea","tea/workflows/testarch/bmad-testarch-nfr/steps-c/step-04a-subagent-security.md","5937d1ae8f60789609577e023803aba78bbce631b53e0981b319ec4786e63527"
"md","step-04b-subagent-e2e-failing","tea","tea/workflows/testarch/bmad-testarch-atdd/steps-c/step-04b-subagent-e2e-failing.md","3fc97f9defee8a64ebba2c5ebaa758e09810a632d04d065879932afc67e609a3"
"md","step-04b-subagent-performance","tea","tea/workflows/testarch/bmad-testarch-nfr/steps-c/step-04b-subagent-performance.md","0198f7582e8ca357d781c039720ae0b986b8dec0ab2f43214969822331ad6229"
"md","step-04c-aggregate","tea","tea/workflows/testarch/bmad-testarch-atdd/steps-c/step-04c-aggregate.md","0b3a97471c7683c6b6797db232a52a59c7f7ddad80eeafcf0d5ee4423a59a04e"
"md","step-04c-subagent-reliability","tea","tea/workflows/testarch/bmad-testarch-nfr/steps-c/step-04c-subagent-reliability.md","5d3a84eb3097458b74747edaaf93b8ac2ecefdb9f626189cf1a520a9d2f76696"
"md","step-04d-subagent-scalability","tea","tea/workflows/testarch/bmad-testarch-nfr/steps-c/step-04d-subagent-scalability.md","8a069d3377e5018f2b7ca8b142788e0da76c81b4b56af2eb380d9338e9673b45"
"md","step-04e-aggregate-nfr","tea","tea/workflows/testarch/bmad-testarch-nfr/steps-c/step-04e-aggregate-nfr.md","109e0977a95571639512a2b0fdbd28262ce4a6d0f203daa56c9630aa0066a82e"
"md","step-05-completion","tea","tea/workflows/testarch/bmad-teach-me-testing/steps-c/step-05-completion.md","8d978ed5f3954b9f5c962dd1190e2c83dceff9e3a9b0981c7e008ba02d546edd"
"md","step-05-gate-decision","tea","tea/workflows/testarch/bmad-testarch-trace/steps-c/step-05-gate-decision.md","22fd5abf5e4e378fabdfb9738e744bccb6477a37af67f3e33bb0c9c3769d5b5c"
"md","step-05-generate-output","tea","tea/workflows/testarch/bmad-testarch-test-design/steps-c/step-05-generate-output.md","652d7e6604df8d71efd08a31e66bd815bbe0fbdcc4e2ade72585b07b1bbe1bcf"
"md","step-05-generate-report","tea","tea/workflows/testarch/bmad-testarch-nfr/steps-c/step-05-generate-report.md","28246c1b3b25364090d7387bea500cd62eab86dfc937cd9f6dbc40326871fb0d"
"md","step-05-validate-and-complete","tea","tea/workflows/testarch/bmad-testarch-atdd/steps-c/step-05-validate-and-complete.md","b5b10be0212b3c7c7ee46206b4b83cd960ad291d377b6e3f8e68960a0c2d5560"
"md","step-05-validate-and-summary","tea","tea/workflows/testarch/bmad-testarch-framework/steps-c/step-05-validate-and-summary.md","8e3c857159a4af0223b3d0a7f58d4db84b330fab9e1124bd6c084fc656155e59"
"md","step-e-01-assess-workflow","tea","tea/workflows/testarch/bmad-teach-me-testing/steps-e/step-e-01-assess-workflow.md","b7b3cc8d845b79e9ef81d8c835f63bcbedc930396c0cab49a946dff1b6819e7a"
"md","step-e-02-apply-edits","tea","tea/workflows/testarch/bmad-teach-me-testing/steps-e/step-e-02-apply-edits.md","081679a34b6c02804d77156866ba9d41e1dd2952a902314b4937863ce874f27d"
"md","step-v-01-validate","tea","tea/workflows/testarch/bmad-teach-me-testing/steps-v/step-v-01-validate.md","b33a9eaac964dbe08d10ff15744f40b8118edc69844c856d4f80b9ba2da77865"
"md","test-design-architecture-template","tea","tea/workflows/testarch/bmad-testarch-test-design/test-design-architecture-template.md","39100455791354f6fb61205d096214b55f7db88c97ab5d67784f7c9b4f25238d"
"md","test-design-handoff-template","tea","tea/workflows/testarch/bmad-testarch-test-design/test-design-handoff-template.md","ce1dd24dd95244e4a511bef74a3a7cb10e5620a3a137195a31608f81ac7e7b1b"
"md","test-design-qa-template","tea","tea/workflows/testarch/bmad-testarch-test-design/test-design-qa-template.md","efd4de50c46a03e746c8a90e79396c6f1478108f61c35fb10723e49c16b67397"
"md","test-design-template","tea","tea/workflows/testarch/bmad-testarch-test-design/test-design-template.md","44c67b0890a7dca5556d8e89ba0625d70670fef7163fbfb0c22d32f179213c00"
"md","test-healing-patterns","tea","tea/testarch/knowledge/test-healing-patterns.md","b44f7db1ebb1c20ca4ef02d12cae95f692876aee02689605d4b15fe728d28fdf"
"md","test-levels-framework","tea","tea/testarch/knowledge/test-levels-framework.md","80bbac7959a47a2e7e7de82613296f906954d571d2d64ece13381c1a0b480237"
"md","test-priorities-matrix","tea","tea/testarch/knowledge/test-priorities-matrix.md","321c3b708cc19892884be0166afa2a7197028e5474acaf7bc65c17ac861964a5"
"md","test-quality","tea","tea/testarch/knowledge/test-quality.md","97b6db474df0ec7a98a15fd2ae49671bb8e0ddf22963f3c4c47917bb75c05b90"
"md","test-review-template","tea","tea/workflows/testarch/bmad-testarch-test-review/test-review-template.md","a58e8a11043cddd5fd559796b6f1012ea96c131be8f793b9ac9659fb32faf4fc"
"md","timing-debugging","tea","tea/testarch/knowledge/timing-debugging.md","c4c87539bbd3fd961369bb1d7066135d18c6aad7ecd70256ab5ec3b26a8777d9"
"md","trace-template","tea","tea/workflows/testarch/bmad-testarch-trace/trace-template.md","e7bac767e41d8667c2db82f7ebf8222516bc89350232294caa985ac0a9d7ec54"
"md","validation-report-20260127-095021","tea","tea/workflows/testarch/bmad-testarch-atdd/validation-report-20260127-095021.md","39c8d0dcaaa67d648d114d7fc9b087670af8c85377eb6513544645a5b938e7fe"
"md","validation-report-20260127-095021","tea","tea/workflows/testarch/bmad-testarch-automate/validation-report-20260127-095021.md","23b68497a6fb9d93aa7920eb28b5ad36a8f9ab2532a145255ea5878e53592f98"
"md","validation-report-20260127-095021","tea","tea/workflows/testarch/bmad-testarch-ci/validation-report-20260127-095021.md","aad800795280bad317d157a4d83ae14944b39ed4a9e5a9f34b996bc934d24af2"
"md","validation-report-20260127-095021","tea","tea/workflows/testarch/bmad-testarch-framework/validation-report-20260127-095021.md","05e86702f8cd4b1bad25b7b90c30fe266485f9116ad12af1ee50228d4169992b"
"md","validation-report-20260127-095021","tea","tea/workflows/testarch/bmad-testarch-nfr/validation-report-20260127-095021.md","5fc96e42e9b7d32b3252612ee514752346c3e29100b810a28adf996706a61589"
"md","validation-report-20260127-095021","tea","tea/workflows/testarch/bmad-testarch-test-design/validation-report-20260127-095021.md","2294b9b719227b7c083b8aecf4fc0bf6323f6b7686aec0010ba94e38ddea4aba"
"md","validation-report-20260127-095021","tea","tea/workflows/testarch/bmad-testarch-test-review/validation-report-20260127-095021.md","b370ec9724d036e262e950bbeeb244cd414cd4ae49f437d47695b2c07354f6f4"
"md","validation-report-20260127-095021","tea","tea/workflows/testarch/bmad-testarch-trace/validation-report-20260127-095021.md","a4cf09ad228331217530e473507d1a1b791d3a3cbf471007bb799fcbecbb64c7"
"md","validation-report-20260127-102401","tea","tea/workflows/testarch/bmad-testarch-atdd/validation-report-20260127-102401.md","b749c37581244d028897b78aa6470ee0b9e7a78cdc4975bfd8aed1bd3f374370"
"md","validation-report-20260127-102401","tea","tea/workflows/testarch/bmad-testarch-automate/validation-report-20260127-102401.md","3322f92f5dc4d28c07e08a6a20f7cd77c702f7de04ecba9af6975a7463d845b5"
"md","validation-report-20260127-102401","tea","tea/workflows/testarch/bmad-testarch-ci/validation-report-20260127-102401.md","38864f41d588c5b075c5e09539729e1f4101b1def47c794a68bba5a2db23cb7a"
"md","validation-report-20260127-102401","tea","tea/workflows/testarch/bmad-testarch-framework/validation-report-20260127-102401.md","e584a2aaf88cd4d65a37ab03668c523a8e55b830ea957c205acfad149febb1ef"
"md","validation-report-20260127-102401","tea","tea/workflows/testarch/bmad-testarch-nfr/validation-report-20260127-102401.md","39206e32d3ac4c93475e3444ceeac9babb3a2d94588155a944e03cd153f1e9ab"
"md","validation-report-20260127-102401","tea","tea/workflows/testarch/bmad-testarch-test-design/validation-report-20260127-102401.md","7fbef44391edac74342d14f02688176f96a291c30792fdf26721a872c1ba2b6d"
"md","validation-report-20260127-102401","tea","tea/workflows/testarch/bmad-testarch-test-review/validation-report-20260127-102401.md","13c684351c4c4ae274f3ea9827b00d7bab7daf694980f5bfc74c592aa2617f1a"
"md","validation-report-20260127-102401","tea","tea/workflows/testarch/bmad-testarch-trace/validation-report-20260127-102401.md","0774915e82411e21d505e11cf659bc1f3b7b0e252513b1de067b0c7d8c567c37"
"md","visual-debugging","tea","tea/testarch/knowledge/visual-debugging.md","916be784cb0c78ebee83698e3c4ea55d8019318dcb27a51bc36f98ed802299eb"
"md","workflow","tea","tea/workflows/testarch/bmad-teach-me-testing/workflow.md","2caf4fcd47e79f1549041adf9136a7a7d2aceaefaff1fb188954d1d7bbd983f8"
"md","workflow","tea","tea/workflows/testarch/bmad-testarch-atdd/workflow.md","d36b50c2b5646db27024bd26cf2fbe3d91a41805c9d3afab32336384a3853795"
"md","workflow","tea","tea/workflows/testarch/bmad-testarch-automate/workflow.md","8389f938a63c6c3b2d7428600239f26af12a8b4d713d7dd4b9cf3a4d35c4f6de"
"md","workflow","tea","tea/workflows/testarch/bmad-testarch-ci/workflow.md","9ca63c09af5d10e95991057f2dabd70e3c54bc332baf5de4f7046cc910aa782d"
"md","workflow","tea","tea/workflows/testarch/bmad-testarch-framework/workflow.md","6c034c1525ff221ef7fb2da7788358b4b6d781949ddf850fb51f900d0f3b7c27"
"md","workflow","tea","tea/workflows/testarch/bmad-testarch-nfr/workflow.md","9851d567b98c416cf77fb3c10dfa218163108cd2e57f4d02f2f05f32668d3d89"
"md","workflow","tea","tea/workflows/testarch/bmad-testarch-test-design/workflow.md","36bcd0062e339e4c2c496819556fb21dc67f0a6f300eea7ed216e66e2b10b4ac"
"md","workflow","tea","tea/workflows/testarch/bmad-testarch-test-review/workflow.md","a7572e4c203fe23d75f0d9769e11f9fdd8673105241ebf5b289d5033fef281ff"
"md","workflow","tea","tea/workflows/testarch/bmad-testarch-trace/workflow.md","cdbc956f8120caca3d9a44c3cf6400ebcefeff1ea34a5de32edeadb8ee216f4c"
"md","workflow-plan","tea","tea/workflows/testarch/bmad-testarch-atdd/workflow-plan.md","b86e22eff2f91249f83cdd4c5a95cfe9caff51eded0cd1b7f51912ec61349183"
"md","workflow-plan","tea","tea/workflows/testarch/bmad-testarch-automate/workflow-plan.md","3d3cd40c76dc9f0c2387bef34e9391a9d3a25fe04ea4ebedb6adb72684a3ad06"
"md","workflow-plan","tea","tea/workflows/testarch/bmad-testarch-ci/workflow-plan.md","628dae2fcc680824c0e376feca84ce05b7cd674f0d5efc935964f4e705dddeb3"
"md","workflow-plan","tea","tea/workflows/testarch/bmad-testarch-framework/workflow-plan.md","6e181a5bd34a182f85fc9886bf205f13e89e6325db282f6e0f21cd59f122b7ab"
"md","workflow-plan","tea","tea/workflows/testarch/bmad-testarch-nfr/workflow-plan.md","85ad2ae434f5fbdd55f84f4349f38ea1c72444fc5485821a8a4562a5da891b5a"
"md","workflow-plan","tea","tea/workflows/testarch/bmad-testarch-test-design/workflow-plan.md","e3b7f847205fb9c004b9772af0da7d9ed4c5038cbedd66c388d6a3b640be5a04"
"md","workflow-plan","tea","tea/workflows/testarch/bmad-testarch-test-review/workflow-plan.md","15723c03eee5bfc852cd39b843bf4435dabdf02f59a77bb8a8683c4ab8cb3ed6"
"md","workflow-plan","tea","tea/workflows/testarch/bmad-testarch-trace/workflow-plan.md","1a8d18420d10ecc4a775a858f4e55271bb8e8fca8f1fe98fa3fedaee353097d9"
"md","workflow-plan-teach-me-testing","tea","tea/workflows/testarch/bmad-teach-me-testing/workflow-plan-teach-me-testing.md","0c428ddb0613129d7798e60a820d3ae75de8dbb027a90826df203d18b6ff645a"
"yaml","azure-pipelines-template","tea","tea/workflows/testarch/bmad-testarch-ci/azure-pipelines-template.yaml","e53405833b819cd70b7226ea624236ff2490659985b0512244303dc9676acb34"
"yaml","bmad-skill-manifest","tea","tea/workflows/testarch/bmad-teach-me-testing/bmad-skill-manifest.yaml","ea1b058a23cd4fb442f2e7bc7a3a871b73391c0d18c32ddad020dd56b20425ee"
"yaml","bmad-skill-manifest","tea","tea/workflows/testarch/bmad-testarch-atdd/bmad-skill-manifest.yaml","ea1b058a23cd4fb442f2e7bc7a3a871b73391c0d18c32ddad020dd56b20425ee"
"yaml","bmad-skill-manifest","tea","tea/workflows/testarch/bmad-testarch-automate/bmad-skill-manifest.yaml","ea1b058a23cd4fb442f2e7bc7a3a871b73391c0d18c32ddad020dd56b20425ee"
"yaml","bmad-skill-manifest","tea","tea/workflows/testarch/bmad-testarch-ci/bmad-skill-manifest.yaml","ea1b058a23cd4fb442f2e7bc7a3a871b73391c0d18c32ddad020dd56b20425ee"
"yaml","bmad-skill-manifest","tea","tea/workflows/testarch/bmad-testarch-framework/bmad-skill-manifest.yaml","ea1b058a23cd4fb442f2e7bc7a3a871b73391c0d18c32ddad020dd56b20425ee"
"yaml","bmad-skill-manifest","tea","tea/workflows/testarch/bmad-testarch-nfr/bmad-skill-manifest.yaml","ea1b058a23cd4fb442f2e7bc7a3a871b73391c0d18c32ddad020dd56b20425ee"
"yaml","bmad-skill-manifest","tea","tea/workflows/testarch/bmad-testarch-test-design/bmad-skill-manifest.yaml","ea1b058a23cd4fb442f2e7bc7a3a871b73391c0d18c32ddad020dd56b20425ee"
"yaml","bmad-skill-manifest","tea","tea/workflows/testarch/bmad-testarch-test-review/bmad-skill-manifest.yaml","ea1b058a23cd4fb442f2e7bc7a3a871b73391c0d18c32ddad020dd56b20425ee"
"yaml","bmad-skill-manifest","tea","tea/workflows/testarch/bmad-testarch-trace/bmad-skill-manifest.yaml","ea1b058a23cd4fb442f2e7bc7a3a871b73391c0d18c32ddad020dd56b20425ee"
"yaml","config","tea","tea/config.yaml","4bd857d46154456cbb0cbdfaa4e1b706e6466f3969b3341aec4490080c3d78c3"
"yaml","curriculum","tea","tea/workflows/testarch/bmad-teach-me-testing/data/curriculum.yaml","210a80d8ec3951fce6337e2a2eb7fe4b8cbcae2ffe28185f768274b05d572263"
"yaml","github-actions-template","tea","tea/workflows/testarch/bmad-testarch-ci/github-actions-template.yaml","dbf33e640d9017650b5eed7af28f8914172a0dcfd04552a0342ef61b459b28c2"
"yaml","gitlab-ci-template","tea","tea/workflows/testarch/bmad-testarch-ci/gitlab-ci-template.yaml","af7d7e50802c1f4cbdfdfc20b0cd8a86ba5cec5b9eaedaec29e4c8aec6049ae6"
"yaml","harness-pipeline-template","tea","tea/workflows/testarch/bmad-testarch-ci/harness-pipeline-template.yaml","ed2dee2d279ecfe0bad0365950fe4f68cfa2d5a54d0d3bc50c7b85a26531c9db"
"yaml","progress-template","tea","tea/workflows/testarch/bmad-teach-me-testing/templates/progress-template.yaml","595fe007e9cecd907f0f695f581ff7c86dde770336be8134782a954d4fb6f48f"
"yaml","quiz-questions","tea","tea/workflows/testarch/bmad-teach-me-testing/data/quiz-questions.yaml","42c5e6c8703e22992cfcbbeb23d871054b15257153010efe53bf44dbc1f27b4f"
"yaml","role-paths","tea","tea/workflows/testarch/bmad-teach-me-testing/data/role-paths.yaml","c5ad85c1de113a6c403ad0f9a3588477caec72a4e4d858f41e96ebd0e4765a7a"
"yaml","session-content-map","tea","tea/workflows/testarch/bmad-teach-me-testing/data/session-content-map.yaml","0543af0912d23def025a15d43fa99d3e71f1913ef3c86b8121de6a340cc3019e"
"yaml","tea-resources-index","tea","tea/workflows/testarch/bmad-teach-me-testing/data/tea-resources-index.yaml","ad8aa2c80e20eefd0df4a6c0c6340cd796f0d231e20b8dea7ab3f0c9b15ea935"
"yaml","workflow","tea","tea/workflows/testarch/bmad-testarch-atdd/workflow.yaml","8bab9e5dd6432b1f363477e572ea3a72712cfa8ce7246f2d04a4b17ce1cbbe96"
"yaml","workflow","tea","tea/workflows/testarch/bmad-testarch-automate/workflow.yaml","812166a75f88418ecfba92f43e293ce33476275218a6b874f9d3ab3b3eb34a02"
"yaml","workflow","tea","tea/workflows/testarch/bmad-testarch-ci/workflow.yaml","367f88a326f217428654a1a2b4a7e5c497c498e7031f9e2809ca2766a0a02843"
"yaml","workflow","tea","tea/workflows/testarch/bmad-testarch-framework/workflow.yaml","13f99eb56accb5e8da5f28aabe4041b2a736472f92edd241f3f7ce3294b1f29f"
"yaml","workflow","tea","tea/workflows/testarch/bmad-testarch-nfr/workflow.yaml","5dd6e3b9d7c5e1a8735a4df32033d8cd053f2d6bd21ffa827314e73518ab2f56"
"yaml","workflow","tea","tea/workflows/testarch/bmad-testarch-test-design/workflow.yaml","8ad0fb89bbe1f00af80eeeb2ac1bc2e90c6854bc2516f23dcff8e29cb1f81579"
"yaml","workflow","tea","tea/workflows/testarch/bmad-testarch-test-review/workflow.yaml","ba98595534cdbd0a477f358de0f1dc413cbe381830e7dff4d67ace34265a3164"
"yaml","workflow","tea","tea/workflows/testarch/bmad-testarch-trace/workflow.yaml","89c7f027987023e6c341e93fafa58f0fd34849b9cbf86cf06e56f0d3955d1c31"
